"","url","name","city","checkInDate","checkOutDate","price","totalPrice","numOfReviews","ratingAverage","ratingAccuracy","ratingCommunication","ratingCleanliness","ratingLocation","ratingCheckIn","ratingValue","capacityRoomType","capacityNumGuests","capacityNumBedrooms","capacityNumBeds","amenitiesParking","amenitiesPets","amenitiesFireplace","amenitiesSmoking","amenitiesPool","amenitiesHangers","amenitiesBreakfast","amenitiesInternet","amenitiesElevator","amenitiesKitchen","amenitiesFamily","amenitiesAccessible","amenitiesWifi","amenitiesEvents","amenitiesDryer","amenitiesDesktop","amenitiesHottub","amenitiesHeating","amenitiesLaptop","amenitiesDoorman","amenitiesGym","amenitiesIron","amenitiesHairdryer","amenitiesWasher","amenitiesEssentials","amenitiesShampoo","amenitiesTv","amenitiesAc"
"1","/rooms/16649343?location=New%20York%2C%20NY%2C%20United%20States&check_in=2017-05-01&check_out=2017-05-02","1Bedroom ( Close to JFK & La Guardia Airports)","New-York--NY--United-States","1/5/2017","2/5/2017","473","529","18","4.5","5","5","5","5","5","5","Private room","2 Guests","1 Bedroom","1 Bed",0,0,0,0,0,1,0,0,0,1,0,0,1,0,0,0,0,1,0,0,0,1,1,0,1,1,0,1
"2","/rooms/16699731?location=New%20York%2C%20NY%2C%20United%20States&check_in=2017-05-01&check_out=2017-05-02","Quaint 2 Bedroom new construction","New-York--NY--United-States","1/5/2017","2/5/2017","1587","2452","9","5","5","5","5","4.5","5","5","Entire home/apt","6 Guests","2 Bedrooms","3 Beds",0,0,0,0,0,1,0,0,0,1,1,1,1,0,0,0,0,1,1,0,0,1,1,0,1,1,1,1
"3","/rooms/1354973?location=New%20York%2C%20NY%2C%20United%20States&check_in=2017-05-01&check_out=2017-05-02","Gorgeous spacious. 2 subways close","New-York--NY--United-States","1/5/2017","2/5/2017","521","938","61","4.5","5","5","4.5","4.5","5","4.5","Private room","2 Guests","1 Bedroom","1 Bed",1,0,0,0,0,1,0,1,0,0,1,0,1,0,0,0,0,1,1,0,0,1,1,0,1,1,0,1
"4","/rooms/16992741?location=New%20York%2C%20NY%2C%20United%20States&check_in=2017-05-01&check_out=2017-05-02","Cozy/private Room in Williamsburg","New-York--NY--United-States","1/5/2017","2/5/2017","553","793",NA,NA,NA,NA,NA,NA,NA,NA,"Private room","1 Guest","1 Bedroom","1 Bed",0,0,0,0,0,0,0,1,0,1,0,0,1,0,0,0,0,1,0,0,0,1,0,0,1,0,1,0
"5","/rooms/16513352?location=New%20York%2C%20NY%2C%20United%20States&check_in=2017-05-01&check_out=2017-05-02","Amazing Loft","New-York--NY--United-States","1/5/2017","2/5/2017","641","1082","8","5","5","5","4.5","5","5","5","Private room","2 Guests","4 Bedrooms","1 Bed",0,0,0,0,0,0,0,1,0,1,1,0,1,1,0,0,0,1,1,0,0,1,1,0,1,1,0,0
"6","/rooms/17109022?location=New%20York%2C%20NY%2C%20United%20States&check_in=2017-05-01&check_out=2017-05-02","Cute Clean Room In Manhattan, One Block to Subway!","New-York--NY--United-States","1/5/2017","2/5/2017","681","761","20","4.5","4.5","4.5","4.5","4.5","4.5","4.5","Private room","2 Guests","1 Bedroom","1 Bed",0,0,0,0,0,1,0,1,0,1,0,0,1,0,0,0,0,1,0,0,0,1,1,0,1,0,0,1
"7","/rooms/13231583?location=New%20York%2C%20NY%2C%20United%20States&check_in=2017-05-01&check_out=2017-05-02","Charming luxury Fidi studio","New-York--NY--United-States","1/5/2017","2/5/2017","1563","2292","29","5","5","4.5","5","5","4.5","5","Entire home/apt","3 Guests","1 Bedroom","1 Bed",0,1,0,0,0,0,0,0,1,1,1,0,0,0,0,0,0,1,0,0,0,1,0,0,0,0,1,1
"8","/rooms/17774954?location=New%20York%2C%20NY%2C%20United%20States&check_in=2017-05-01&check_out=2017-05-02","Spacious, high ceilings, beautiful apt great view!","New-York--NY--United-States","1/5/2017","2/5/2017","497","673","5","5","5","5","5","5","4.5","5","2 guests","1 room","1 bed","2 shared baths",0,0,0,0,0,1,1,1,0,1,0,0,1,0,1,0,0,1,1,0,0,1,1,1,1,1,1,1
"9","/rooms/6994038?location=New%20York%2C%20NY%2C%20United%20States&check_in=2017-05-01&check_out=2017-05-02","BUDGET LOFT C - TRENDY BUSHWICK BK!","New-York--NY--United-States","1/5/2017","2/5/2017","401","585","68","4","4.5","4.5","4.5","4.5","4.5","4.5","2 guests","1 room","1 bed","2 baths",0,0,0,0,0,1,0,1,0,1,0,0,1,0,1,0,0,1,1,0,0,1,1,1,1,1,1,1
"10","/rooms/15379480?location=New%20York%2C%20NY%2C%20United%20States&check_in=2017-05-01&check_out=2017-05-02","In <U+2764><U+FE0F> of West Village- Entire Apt","New-York--NY--United-States","1/5/2017","2/5/2017","1274","2500","24","4.5","4.5","5","4","5","5","4.5","3 guests","1 room","1 bed","1 bath",0,0,0,0,0,1,0,1,0,1,1,0,1,0,0,0,0,1,1,0,0,1,1,0,1,1,0,1
"11","/rooms/17774954?location=New%20York%2C%20NY%2C%20United%20States&check_in=2017-05-01&check_out=2017-05-02","Spacious, high ceilings, beautiful apt great view!","New-York--NY--United-States","1/5/2017","2/5/2017","497","673","5","5","5","5","5","5","4.5","5","2 guests","1 room","1 bed","2 shared baths",0,0,0,0,0,1,1,1,0,1,0,0,1,0,1,0,0,1,1,0,0,1,1,1,1,1,1,1
"12","/rooms/17303386?location=New%20York%2C%20NY%2C%20United%20States&check_in=2017-05-01&check_out=2017-05-02","Stylish Room fits 3.b","New-York--NY--United-States","1/5/2017","2/5/2017","481","761","9","4.5","5","4","5","4","4.5","5","3 guests","2 rooms","2 beds","1 bath",1,0,0,0,0,0,0,1,1,0,1,0,1,0,1,0,0,1,0,0,0,0,1,1,1,1,0,1
"13","/rooms/17432700?location=New%20York%2C%20NY%2C%20United%20States&check_in=2017-05-01&check_out=2017-05-02","Safe and Convinient rooms close to NYC.","New-York--NY--United-States","1/5/2017","2/5/2017","793","889","3","4.5","4.5","4.5","4.5","4","4.5","4.5","2 guests","4 rooms","2 beds","1 bath",0,1,0,0,0,0,0,0,1,0,1,0,1,1,0,0,0,1,1,0,0,0,0,0,1,0,1,1
"14","/rooms/10283574?location=New%20York%2C%20NY%2C%20United%20States&check_in=2017-05-01&check_out=2017-05-02","Apt next to Astoria park","New-York--NY--United-States","1/5/2017","2/5/2017","817","913","61","4.5","5","5","4.5","5","5","5","2 guests","1 room","1 bed","1 bath",0,0,0,0,0,1,0,1,0,1,0,1,1,0,0,0,0,1,1,0,0,1,0,0,1,1,1,1
"15","/rooms/17303386?location=New%20York%2C%20NY%2C%20United%20States&check_in=2017-05-01&check_out=2017-05-02","Stylish Room fits 3.b","New-York--NY--United-States","1/5/2017","2/5/2017","481","761","9","4.5","5","4","5","4","4.5","5","3 guests","2 rooms","2 beds","1 bath",1,0,0,0,0,0,0,1,1,0,1,0,1,0,1,0,0,1,0,0,0,0,1,1,1,1,0,1
"16","/rooms/16271051?location=New%20York%2C%20NY%2C%20United%20States&check_in=2017-05-01&check_out=2017-05-02","Entire place 2BR+bathroom, 20min to Manhattan","New-York--NY--United-States","1/5/2017","2/5/2017","874","1339","18","4.5","5","4.5","5","4.5","5","5","6 guests","2 rooms","3 beds","1 bath",0,0,0,0,0,0,0,1,0,0,1,0,1,0,0,0,0,1,0,0,0,0,0,0,1,1,1,1
"17","/rooms/17778941?location=New%20York%2C%20NY%2C%20United%20States&check_in=2017-05-01&check_out=2017-05-02","L Bright room in a new building in Brooklyn","New-York--NY--United-States","1/5/2017","2/5/2017","433","529","2",NA,NA,NA,NA,NA,NA,NA,"2 guests","1 room","1 bed","0 baths",0,0,0,0,0,1,0,1,0,1,0,0,1,0,0,0,0,1,0,0,0,0,0,0,1,0,1,1
"18","/rooms/17076104?location=New%20York%2C%20NY%2C%20United%20States&check_in=2017-05-01&check_out=2017-05-02","Lovely Guest Room. Subways, Central Park, Columbia","New-York--NY--United-States","1/5/2017","2/5/2017","553","801","7","5","5","5","5","5","5","5","2 guests","1 room","1 bed","1 shared bath",0,0,0,0,0,1,1,1,1,1,0,0,1,0,1,0,0,1,1,0,0,1,1,1,1,1,0,1
"19","/rooms/18209634?location=New%20York%2C%20NY%2C%20United%20States&check_in=2017-05-01&check_out=2017-05-02","Newly Renovated Bushwick Apartment","New-York--NY--United-States","1/5/2017","2/5/2017","345","385",NA,NA,NA,NA,NA,NA,NA,NA,"2 guests","1 room","1 bed","1 shared bath",0,0,0,0,0,1,0,0,0,1,0,0,1,0,0,0,0,1,1,0,0,0,0,0,1,0,0,0
"20","/rooms/18413899?location=New%20York%2C%20NY%2C%20United%20States&check_in=2017-05-01&check_out=2017-05-02","Studio in Upper East Side High Rise","New-York--NY--United-States","1/5/2017","2/5/2017","2004","2516",NA,NA,NA,NA,NA,NA,NA,NA,"2 guests","studio","1 bed","1 bath",0,0,0,0,0,1,1,0,1,1,1,1,1,0,1,0,0,1,1,1,0,1,1,1,1,1,0,1
"21","/rooms/16860728?location=New%20York%2C%20NY%2C%20United%20States&check_in=2017-05-01&check_out=2017-05-02","Cheap Cozy Room in Hip Cool Harlem, New York City!","New-York--NY--United-States","1/5/2017","2/5/2017","481","537","18","4.5","5","4.5","5","4.5","5","5","2 guests","1 room","1 bed","1 shared bath",0,0,0,0,0,1,0,0,1,1,1,0,1,0,0,0,0,1,0,0,0,1,1,0,1,0,0,1
"22","/rooms/51572?location=New%20York%2C%20NY%2C%20United%20States&check_in=2017-05-01&check_out=2017-05-02","Prime Location in Manhattan w/ wifi","New-York--NY--United-States","1/5/2017","2/5/2017","882","1307","252","4.5","4.5","5","4","5","5","4.5","2 guests","1 room","1 bed","1 shared bath",0,0,0,0,0,1,0,1,0,1,0,0,1,0,0,1,0,1,0,0,0,1,1,1,1,1,1,1
"23","/rooms/10516712?location=New%20York%2C%20NY%2C%20United%20States&check_in=2017-05-01&check_out=2017-05-02","Original Cabin 29","New-York--NY--United-States","1/5/2017","2/5/2017","553","617","11","4","4","4","4","4.5","4.5","4","1 guest","1 room","1 bed","0 baths",0,0,0,0,0,0,0,0,0,0,0,0,1,0,0,0,0,1,0,1,0,1,1,0,0,1,0,1
"24","/rooms/15760621?location=New%20York%2C%20NY%2C%20United%20States&check_in=2017-05-01&check_out=2017-05-02","Bedroom in E 50's Manhattan, Walk to Central Park!","New-York--NY--United-States","1/5/2017","2/5/2017","641","2067",NA,NA,NA,NA,NA,NA,NA,NA,"2 guests","1 room","1 bed","1 shared bath",0,0,0,0,0,0,0,0,0,1,0,0,1,0,0,0,0,0,1,0,0,1,1,0,1,0,1,0
"25","/rooms/14353271?location=New%20York%2C%20NY%2C%20United%20States&check_in=2017-05-01&check_out=2017-05-02",NA,"New-York--NY--United-States","1/5/2017","2/5/2017",NA,NA,NA,NA,NA,NA,NA,NA,NA,NA,NA,NA,NA,NA,0,0,0,0,0,0,0,0,0,0,0,0,0,0,0,0,0,0,0,0,0,0,0,0,0,0,0,0
"26","/rooms/3520447?location=New%20York%2C%20NY%2C%20United%20States&check_in=2017-05-01&check_out=2017-05-02","Beautiful Room near Prospect Park","New-York--NY--United-States","1/5/2017","2/5/2017","521","585","156","5","5","5","5","4.5","5","5","2 guests","1 room","1 bed","1 bath",0,0,0,0,0,0,0,1,0,1,1,0,1,0,1,0,0,1,0,0,0,1,1,1,1,0,0,1
"27","/rooms/6327222?location=New%20York%2C%20NY%2C%20United%20States&check_in=2017-05-01&check_out=2017-05-02","Ensuite Turquoise Room","New-York--NY--United-States","1/5/2017","2/5/2017","393","577","91","4.5","4.5","4.5","4.5","4","4.5","4.5","3 guests","1 room","2 beds","1 bath",1,0,0,0,0,0,0,1,0,1,0,0,1,0,0,0,0,1,0,0,0,0,0,0,1,1,1,1
"28","/rooms/18041033?location=New%20York%2C%20NY%2C%20United%20States&check_in=2017-05-01&check_out=2017-05-02","Dreamy Brooklyn Oasis in Artistic Neighborhood","New-York--NY--United-States","1/5/2017","2/5/2017","521","1122",NA,NA,NA,NA,NA,NA,NA,NA,"2 guests","1 room","1 bed","1 shared bath",0,1,0,0,0,0,0,0,0,1,0,0,1,0,0,0,0,1,1,0,0,0,0,0,1,1,1,1
"29","/rooms/12774885?location=New%20York%2C%20NY%2C%20United%20States&check_in=2017-05-01&check_out=2017-05-02","Spacious, cozy bedroom in a private","New-York--NY--United-States","1/5/2017","2/5/2017","305","409","48","5","5","5","5","4.5","5","5","1 guest","1 room","1 bed","1 shared bath",0,0,0,0,0,1,0,0,0,1,0,0,1,0,0,0,0,1,0,0,0,1,1,0,1,1,0,1
"30","/rooms/5415168?location=New%20York%2C%20NY%2C%20United%20States&check_in=2017-05-01&check_out=2017-05-02","Premium Suite with style, beauty & charm","New-York--NY--United-States","1/5/2017","2/5/2017","657","1009","12","5","5","5","5","5","5","5","2 guests","1 room","1 bed","1.5 private baths",0,0,0,0,0,0,0,1,0,1,0,0,1,0,1,0,0,1,0,0,0,0,0,1,1,0,0,1
"31","/rooms/15615870?location=New%20York%2C%20NY%2C%20United%20States&check_in=2017-05-01&check_out=2017-05-02","A cosy quirky room available","New-York--NY--United-States","1/5/2017","2/5/2017","401","898","16","5","5","5","5","4.5","5","5","2 guests","1 room","1 bed","1.5 baths",0,0,0,0,0,1,0,1,0,1,0,0,1,0,1,0,0,1,1,0,0,1,1,1,1,1,0,1
"32","/rooms/4491261?location=New%20York%2C%20NY%2C%20United%20States&check_in=2017-05-01&check_out=2017-05-02","BEST OF BK ROOM B- NEXT TO METRO!","New-York--NY--United-States","1/5/2017","2/5/2017","409","641","85","4","4.5","4.5","4","4","4.5","4.5","2 guests","1 room","1 bed","2 shared baths",0,0,0,0,0,1,0,1,0,1,0,0,1,0,0,0,0,1,1,0,0,1,1,0,1,1,0,1
"33","/rooms/13952319?location=New%20York%2C%20NY%2C%20United%20States&check_in=2017-05-01&check_out=2017-05-02","Cosy Studio with a backyard in Forest Hills","New-York--NY--United-States","1/5/2017","2/5/2017","954","1515","36","4.5","4.5","4.5","4.5","4.5","5","4.5","3 guests","studio","2 beds","1 bath",0,0,0,0,0,1,0,1,0,1,1,0,1,1,1,1,1,1,1,0,0,1,1,1,1,1,1,1
"34","/rooms/17014570?location=Sydney%2C%20New%20South%20Wales%2C%20Australia&check_in=2017-05-01&check_out=2017-05-02","Large clean private room in great location","Sydney--New-South-Wales--Australia","1/5/2017","2/5/2017","369","1082","4","5","4.5","5","5","5","5","4.5","2 guests","1 room","1 bed","1 shared bath",1,0,0,0,0,1,1,0,0,1,0,0,1,0,1,0,0,1,1,0,0,1,0,1,1,1,0,0
"35","/rooms/16016946?location=Sydney%2C%20New%20South%20Wales%2C%20Australia&check_in=2017-05-01&check_out=2017-05-02","Darlinghurst Apartment","Sydney--New-South-Wales--Australia","1/5/2017","2/5/2017","930","1042","14","5","5","5","5","5","4.5","5","2 guests","1 room","1 bed","1 bath",0,1,0,1,1,1,0,1,1,1,1,0,1,0,1,1,1,1,0,0,1,1,0,1,1,1,1,1
"36","/rooms/14285290?location=Sydney%2C%20New%20South%20Wales%2C%20Australia&check_in=2017-05-01&check_out=2017-05-02","Apartment by the Beach","Sydney--New-South-Wales--Australia","1/5/2017","2/5/2017","898","1339","71","5","4.5","5","5","5","5","5","2 guests","1 room","1 bed","1 bath",0,0,0,0,0,1,0,0,0,1,1,0,1,0,0,1,0,1,1,0,0,1,1,0,1,1,1,0
"37","/rooms/14826773?location=Sydney%2C%20New%20South%20Wales%2C%20Australia&check_in=2017-05-01&check_out=2017-05-02","SYD City Centre CBD KingSt Perfect Location Luxury","Sydney--New-South-Wales--Australia","1/5/2017","2/5/2017","954","1707","19","4.5","4.5","5","4.5","5","5","4.5","6 guests","2 rooms","3 beds","1 bath",0,0,0,0,1,1,0,1,1,1,1,0,1,0,1,0,0,1,1,0,0,1,1,1,1,1,1,1
"38","/rooms/17799307?location=Sydney%2C%20New%20South%20Wales%2C%20Australia&check_in=2017-05-01&check_out=2017-05-02","MAY SPECIAL!!! WOOLLAHRA QUEEN RM.","Sydney--New-South-Wales--Australia","1/5/2017","2/5/2017","505","1378","7","4.5","4.5","5","5","4.5","5","4.5","2 guests","2 rooms","1 bed","1 bath",1,0,0,0,0,1,0,1,0,1,1,0,1,0,1,0,0,0,0,0,0,1,1,1,1,1,1,0
"39","/rooms/8509638?location=Sydney%2C%20New%20South%20Wales%2C%20Australia&check_in=2017-05-01&check_out=2017-05-02","Centrally located with City views","Sydney--New-South-Wales--Australia","1/5/2017","2/5/2017","497","561","15","5","5","5","5","5","5","5","1 guest","1 room","1 bed","1 shared bath",1,0,0,0,0,1,1,1,0,1,0,0,1,0,1,1,0,0,0,0,0,1,0,1,1,1,1,0
"40","/rooms/18294745?location=Sydney%2C%20New%20South%20Wales%2C%20Australia&check_in=2017-05-01&check_out=2017-05-02","Harbor Side DELUXE HOME Unlimited Internet Netflix","Sydney--New-South-Wales--Australia","1/5/2017","2/5/2017","1098","1907",NA,NA,NA,NA,NA,NA,NA,NA,"5 guests","1 room","3 beds","1 bath",0,0,0,1,0,1,1,1,1,1,1,0,1,0,1,0,0,1,1,0,0,1,1,1,1,1,1,1
"41","/rooms/11844823?location=Sydney%2C%20New%20South%20Wales%2C%20Australia&check_in=2017-05-01&check_out=2017-05-02","Casual Stay Sydney City Attic","Sydney--New-South-Wales--Australia","1/5/2017","2/5/2017","297","337","33","3.5","3.5","4","3.5","4.5","4","4","2 guests","1 room","1 bed","1 bath",1,0,0,0,0,1,0,0,0,1,0,0,0,0,0,0,0,1,0,0,0,0,1,0,0,1,0,0
"42","/rooms/16614699?location=Sydney%2C%20New%20South%20Wales%2C%20Australia&check_in=2017-05-01&check_out=2017-05-02","悉尼情人港市中心保安主人套房,房<U+95F4><U+5185>自用洗澡<U+536B>生<U+95F4>,步行中央火<U+8F66>站","Sydney--New-South-Wales--Australia","1/5/2017","2/5/2017","593","833","4","2.5","3","3.5","2.5","4","4","3","2 guests","1 room","1 bed","1 private bath",0,0,0,0,0,1,0,0,1,0,1,0,1,0,0,0,0,0,1,0,0,0,0,0,0,1,0,0
"43","/rooms/6814586?location=Sydney%2C%20New%20South%20Wales%2C%20Australia&check_in=2017-05-01&check_out=2017-05-02","Bronte Bedroom with a View!","Sydney--New-South-Wales--Australia","1/5/2017","2/5/2017","898","1010","15","5","5","4.5","4.5","5","5","5","2 guests","1 room","1 bed","1 bath",0,1,0,0,0,0,0,1,0,1,0,0,1,0,1,1,1,1,0,0,0,0,0,1,1,0,1,0
"44","/rooms/18260654?location=Sydney%2C%20New%20South%20Wales%2C%20Australia&check_in=2017-05-01&check_out=2017-05-02","Modern Townhouse close to everything (Sydney CBD)","Sydney--New-South-Wales--Australia","1/5/2017","2/5/2017","1170","1314",NA,NA,NA,NA,NA,NA,NA,NA,"4 guests","2 rooms","3 beds","1.5 baths",1,0,0,0,0,1,0,0,0,1,1,0,1,0,0,0,0,1,0,0,0,0,0,1,1,0,0,1
"45","/rooms/16291040?location=Sydney%2C%20New%20South%20Wales%2C%20Australia&check_in=2017-05-01&check_out=2017-05-02","Spacious Apartment - Own Room","Sydney--New-South-Wales--Australia","1/5/2017","2/5/2017","425","521","8","4.5","5","5","5","4.5","5","4.5","1 guest","1 room","1 bed","1 shared bath",0,0,0,0,0,1,0,1,0,1,0,0,1,0,1,0,0,1,0,0,0,1,1,1,1,0,0,0
"46","/rooms/12134990?location=Sydney%2C%20New%20South%20Wales%2C%20Australia&check_in=2017-05-01&check_out=2017-05-02","Modern Cosy Bondi Beach Pad","Sydney--New-South-Wales--Australia","1/5/2017","2/5/2017","962","1739","72","5","5","5","5","5","5","4.5","4 guests","1 room","2 beds","1 bath",0,0,0,0,0,1,0,1,1,1,1,0,1,0,1,0,0,1,1,0,0,1,1,1,1,1,1,1
"47","/rooms/18214754?location=Sydney%2C%20New%20South%20Wales%2C%20Australia&check_in=2017-05-01&check_out=2017-05-02","Beautiful room in Surry Hills","Sydney--New-South-Wales--Australia","1/5/2017","2/5/2017","569","833","2",NA,NA,NA,NA,NA,NA,NA,"2 guests","1 room","1 bed","1 bath",0,0,0,0,0,0,0,0,0,0,0,0,0,0,0,0,0,0,0,0,0,0,0,0,0,0,0,0
"48","/rooms/14795182?location=Sydney%2C%20New%20South%20Wales%2C%20Australia&check_in=2017-05-01&check_out=2017-05-02","Room & own bathroom in a walk-up, close to CBD","Sydney--New-South-Wales--Australia","1/5/2017","2/5/2017","505","737","13","5","5","5","5","5","4.5","4.5","2 guests","1 room","1 bed","1 bath",1,0,0,0,1,1,0,0,0,1,0,0,1,0,1,0,0,0,0,0,0,1,0,1,1,1,1,0
"49","/rooms/17609537?location=Sydney%2C%20New%20South%20Wales%2C%20Australia&check_in=2017-05-01&check_out=2017-05-02","A private room close to Sydney airport & city","Sydney--New-South-Wales--Australia","1/5/2017","2/5/2017","481","537","5","4.5","5","4.5","5","5","5","5","2 guests","1 room","1 bed","4 shared baths",0,0,0,0,0,1,0,0,0,1,1,0,1,0,1,0,0,1,1,0,0,1,1,1,1,1,1,0
"50","/rooms/4184965?location=Sydney%2C%20New%20South%20Wales%2C%20Australia&check_in=2017-05-01&check_out=2017-05-02","Self contained studio cabin (no minimum stay)","Sydney--New-South-Wales--Australia","1/5/2017","2/5/2017","649","729","134","4.5","4.5","4.5","4.5","4.5","4.5","4.5","3 guests","studio","2 beds","1 bath",1,0,0,0,0,1,0,1,0,1,0,0,1,0,1,0,0,1,1,0,0,1,1,1,1,1,1,0
"51","/rooms/17955204?location=Sydney%2C%20New%20South%20Wales%2C%20Australia&check_in=2017-05-01&check_out=2017-05-02","Surry Hills Dream Home","Sydney--New-South-Wales--Australia","1/5/2017","2/5/2017","898","1411",NA,NA,NA,NA,NA,NA,NA,NA,"8 guests","2 rooms","6 beds","2.5 baths",0,1,0,0,0,0,0,0,0,1,1,0,0,0,1,0,0,1,0,0,0,1,0,1,1,1,1,0
"52","/rooms/16088548?location=Sydney%2C%20New%20South%20Wales%2C%20Australia&check_in=2017-05-01&check_out=2017-05-02","Holds1 - Tranquil studio close by Carriageworks","Sydney--New-South-Wales--Australia","1/5/2017","2/5/2017","785","1081","10","5","5","5","5","5","5","4.5","2 guests","1 room","1 bed","1 bath",0,0,0,0,0,1,0,0,0,1,0,0,1,0,0,0,0,1,1,0,0,1,1,0,1,1,1,0
"53","/rooms/15646290?location=Sydney%2C%20New%20South%20Wales%2C%20Australia&check_in=2017-05-01&check_out=2017-05-02","Gorgeous room in family home in Funky Marrickville","Sydney--New-South-Wales--Australia","1/5/2017","2/5/2017","537","601","24","5","5","5","5","5","5","5","2 guests","1 room","1 bed","1 bath",1,1,0,0,0,1,1,0,0,1,1,0,1,0,1,0,0,1,1,0,0,1,1,1,1,1,1,0
"54","/rooms/18220742?location=Sydney%2C%20New%20South%20Wales%2C%20Australia&check_in=2017-05-01&check_out=2017-05-02","Large Sydney CBD Apartment with Parking- World Squ","Sydney--New-South-Wales--Australia","1/5/2017","2/5/2017","1499","2012",NA,NA,NA,NA,NA,NA,NA,NA,"7 guests","2 rooms","4 beds","2 baths",1,0,0,1,1,1,1,0,1,1,1,1,1,1,1,0,1,1,1,0,1,1,1,1,1,1,1,1
"55","/rooms/15008488?location=Sydney%2C%20New%20South%20Wales%2C%20Australia&check_in=2017-05-01&check_out=2017-05-02","BIG Lovely Room near Hyde Park (Prime location)","Sydney--New-South-Wales--Australia","1/5/2017","2/5/2017","329","505","3","5","5","5","4.5","4.5","5","5","1 guest","1 room","1 bed","2 baths",0,0,1,0,0,1,0,0,0,0,0,0,1,0,0,0,0,1,1,0,0,1,1,0,1,1,0,0
"56","/rooms/18398960?location=Sydney%2C%20New%20South%20Wales%2C%20Australia&check_in=2017-05-01&check_out=2017-05-02","City View Superb Studio","Sydney--New-South-Wales--Australia","1/5/2017","2/5/2017","930",NA,NA,NA,NA,NA,NA,NA,NA,NA,"4 guests","studio","4 beds","1 bath",1,0,0,0,1,1,0,1,1,1,1,0,1,0,1,0,0,0,0,0,1,1,1,1,1,1,1,1
"57","/rooms/1924701?location=Sydney%2C%20New%20South%20Wales%2C%20Australia&check_in=2017-05-01&check_out=2017-05-02","Stylish 4bdroom incredible location","Sydney--New-South-Wales--Australia","1/5/2017","2/5/2017","2044","4128","126","5","4.5","5","4.5","5","5","4.5","8 guests","4 rooms","4 beds","2 baths",0,0,0,0,0,1,0,1,0,1,1,0,1,0,1,0,0,1,1,0,0,1,1,1,1,1,1,1
"58","/rooms/16749067?location=Sydney%2C%20New%20South%20Wales%2C%20Australia&check_in=2017-05-01&check_out=2017-05-02","Centre of Darlinghurst hot spots.","Sydney--New-South-Wales--Australia","1/5/2017","2/5/2017","569","777","14","4.5","5","4.5","4.5","5","5","4.5","2 guests","1 room","1 bed","1 shared bath",0,1,0,1,0,1,0,0,0,1,0,1,1,0,0,0,0,1,0,0,0,0,0,0,1,1,1,1
"59","/rooms/1637249?location=Sydney%2C%20New%20South%20Wales%2C%20Australia&check_in=2017-05-01&check_out=2017-05-02","Bellevue Hill: Quiet, own Entrance!","Sydney--New-South-Wales--Australia","1/5/2017","2/5/2017","417","465","40","4.5","4","4.5","4.5","4.5","4.5","4","1 guest","1 room","1 bed","1 bath",1,0,0,0,0,0,0,1,0,1,1,0,1,1,1,1,0,1,0,0,0,0,0,1,0,0,1,1
"60","/rooms/13909387?location=Sydney%2C%20New%20South%20Wales%2C%20Australia&check_in=2017-05-01&check_out=2017-05-02","Luxury & Convenience Home Away From Home In City","Sydney--New-South-Wales--Australia","1/5/2017","2/5/2017","1378","1546","17","5","5","5","5","5","5","4.5","2 guests","1 room","1 bed","1 bath",0,0,0,0,0,1,1,0,1,1,0,0,1,1,1,0,0,0,1,0,0,1,1,1,1,1,1,1
"61","/rooms/14147273?location=Sydney%2C%20New%20South%20Wales%2C%20Australia&check_in=2017-05-01&check_out=2017-05-02","Gorgeous 3 Bed Apt in Pyrmont. (Free Parking)(81)","Sydney--New-South-Wales--Australia","1/5/2017","2/5/2017","1194","2837","29","4.5","4.5","5","4.5","5","4.5","4.5","9 guests","3 rooms","3 beds","2 baths",1,0,1,0,1,1,0,1,1,1,1,1,1,0,1,0,0,1,1,0,0,1,1,1,1,1,1,1
"62","/rooms/8562202?location=Sydney%2C%20New%20South%20Wales%2C%20Australia&check_in=2017-05-01&check_out=2017-05-02","Self contained Twin room w Ensuite","Sydney--New-South-Wales--Australia","1/5/2017","2/5/2017","537","713","40","4.5","5","5","4.5","5","5","4.5","2 guests","1 room","2 beds","1 bath",0,0,0,0,0,1,1,1,0,1,1,0,1,0,1,0,1,1,1,0,0,1,1,1,1,1,1,0
"63","/rooms/17175405?location=Sydney%2C%20New%20South%20Wales%2C%20Australia&check_in=2017-05-01&check_out=2017-05-02","Entertainment and Restaurant at your door step","Sydney--New-South-Wales--Australia","1/5/2017","2/5/2017","593",NA,"14","4.5","5","4.5","4","5","4.5","4.5","2 guests","studio","1 bed","1 bath",0,0,0,0,0,1,0,0,1,1,1,0,0,0,1,0,0,1,1,0,0,1,0,1,1,1,1,1
"64","/rooms/15900608?location=London%2C%20United%20Kingdom&check_in=2017-05-01&check_out=2017-05-02","Stunning Studio in the Heart of London","London--United-Kingdom","1/5/2017","2/5/2017","978","1098","10","4.5","4.5","4.5","4.5","4.5","4.5","4.5","2 guests","studio","1 bed","1 bath",0,0,0,1,0,0,0,1,0,1,1,0,1,0,0,0,0,1,1,0,0,1,0,1,1,1,0,0
"65","/rooms/14993662?location=London%2C%20United%20Kingdom&check_in=2017-05-01&check_out=2017-05-02","SUPERB DOUBLEROOM IN HEART OF CITY (S4)","London--United-Kingdom","1/5/2017","2/5/2017","513","689","38","4.5","4.5","5","4.5","4.5","5","4.5","2 guests","1 room","1 bed","1 bath",0,0,0,0,0,1,0,1,1,1,1,0,1,0,0,0,0,1,1,0,0,1,1,0,1,1,0,0
"66","/rooms/11753303?location=London%2C%20United%20Kingdom&check_in=2017-05-01&check_out=2017-05-02","Franciscan 272 B&b En-suite Double Room. R8","London--United-Kingdom","1/5/2017","2/5/2017","529","593","14","4","4.5","4.5","4","4.5","4","4.5","2 guests","1 room","1 bed","1 bath",0,0,0,0,0,1,1,1,0,1,1,0,1,0,0,0,0,1,0,0,0,1,1,0,1,1,1,0
"67","/rooms/17664228?location=London%2C%20United%20Kingdom&check_in=2017-05-01&check_out=2017-05-02","One Bedroom Flat near Central London","London--United-Kingdom","1/5/2017","2/5/2017","721","929","4","4.5","4.5","4.5","4.5","4.5","4.5","5","6 guests","1 room","3 beds","1 bath",0,0,0,0,0,1,0,0,0,1,1,0,1,0,0,0,0,1,1,0,0,1,1,1,1,1,1,0
"68","/rooms/4787496?location=London%2C%20United%20Kingdom&check_in=2017-05-01&check_out=2017-05-02","Excellent Location - Central London","London--United-Kingdom","1/5/2017","2/5/2017","457","633","154","4","4.5","4","4.5","4.5","4.5","4.5","2 guests","1 room","1 bed","1 bath",1,0,0,0,0,0,0,1,0,1,0,0,1,0,1,0,0,1,0,0,0,0,0,1,1,0,1,0
"69","/rooms/16322875?location=London%2C%20United%20Kingdom&check_in=2017-05-01&check_out=2017-05-02","Room next to Canary Wharf and Greenwich","London--United-Kingdom","1/5/2017","2/5/2017","289","321","21","4","4.5","4.5","4","4.5","4","4.5","2 guests","1 room","1 bed","1 bath",0,0,0,0,0,0,0,0,0,1,1,0,1,0,1,0,0,1,0,0,0,1,1,1,1,1,0,0
"70","/rooms/17853743?location=London%2C%20United%20Kingdom&check_in=2017-05-01&check_out=2017-05-02","GREAT TRIPLE ROOM IN CAMDEN (B2)","London--United-Kingdom","1/5/2017","2/5/2017","345","465","4","4.5","5","5","4.5","5","5","5","3 guests","1 room","2 beds","1 bath",0,0,0,0,0,1,0,0,0,1,1,0,1,0,1,0,0,1,1,0,0,1,1,1,1,1,0,0
"71","/rooms/8880659?location=London%2C%20United%20Kingdom&check_in=2017-05-01&check_out=2017-05-02","Double Room Aldgate ZONE 1 (R1HS)","London--United-Kingdom","1/5/2017","2/5/2017","256","408","38","4","4","4.5","4","3.5","4.5","4","2 guests","1 room","1 bed","1 shared bath",0,0,0,0,0,1,0,0,0,1,0,0,1,0,1,0,0,1,0,0,0,0,0,1,1,0,0,0
"72","/rooms/18179367?location=London%2C%20United%20Kingdom&check_in=2017-05-01&check_out=2017-05-02","Super central. Super cute.","London--United-Kingdom","1/5/2017","2/5/2017","777","873","1",NA,NA,NA,NA,NA,NA,NA,"2 guests","1 room","1 bed","1 shared bath",0,0,0,0,0,0,0,0,0,1,0,0,1,0,0,0,0,1,1,0,0,0,0,0,1,0,0,0
"73","/rooms/10664781?location=London%2C%20United%20Kingdom&check_in=2017-05-01&check_out=2017-05-02","Double Room close to Central London","London--United-Kingdom","1/5/2017","2/5/2017","224","248","14","4.5","5","5","4.5","4.5","5","5","2 guests","1 room","1 bed","1 bath",0,0,0,0,0,1,0,1,0,1,1,0,1,0,1,0,0,1,1,0,0,1,1,1,0,0,1,0
"74","/rooms/12318661?location=London%2C%20United%20Kingdom&check_in=2017-05-01&check_out=2017-05-02","Double room in stylish lakeside apt","London--United-Kingdom","1/5/2017","2/5/2017","777","873","96","5","5","5","5","5","5","5","2 guests","1 room","1 bed","1 private bath",0,0,0,1,0,1,1,1,1,1,0,1,1,0,1,1,0,1,1,0,0,1,1,1,1,1,1,0
"75","/rooms/18420849?location=London%2C%20United%20Kingdom&check_in=2017-05-01&check_out=2017-05-02","Single room in West Kensington, central London","London--United-Kingdom","1/5/2017","2/5/2017","721","809",NA,NA,NA,NA,NA,NA,NA,NA,"1 guest","1 room","1 bed","1 shared bath",0,0,0,0,0,1,0,0,0,1,1,0,1,0,0,0,0,0,1,0,0,0,0,0,1,0,1,0
"76","/rooms/18020627?location=London%2C%20United%20Kingdom&check_in=2017-05-01&check_out=2017-05-02","Ekko London Studio in Location, Location, Location","London--United-Kingdom","1/5/2017","2/5/2017","874","978","4","5","5","5","5","4.5","5","4.5","2 guests","studio","1 bed","1 bath",0,0,0,0,0,1,1,0,0,1,1,0,1,0,0,0,0,1,1,0,0,1,1,1,1,1,1,0
"77","/rooms/18300671?location=London%2C%20United%20Kingdom&check_in=2017-05-01&check_out=2017-05-02","CityView Double (2stops from Zone1)","London--United-Kingdom","1/5/2017","2/5/2017","409","577",NA,NA,NA,NA,NA,NA,NA,NA,"2 guests","1 room","1 bed","1 bath",0,1,0,1,0,1,0,1,1,1,0,0,1,0,1,0,1,1,1,0,1,1,1,1,0,0,0,0
"78","/rooms/17957568?location=London%2C%20United%20Kingdom&check_in=2017-05-01&check_out=2017-05-02","Private Double Room in Modern Luxury Apartment","London--United-Kingdom","1/5/2017","2/5/2017","593","857","2",NA,NA,NA,NA,NA,NA,NA,"2 guests","1 room","1 bed","1 bath",0,0,0,0,0,1,0,1,1,0,0,0,1,0,0,0,0,1,1,0,0,1,1,0,1,1,0,0
"79","/rooms/15643989?location=London%2C%20United%20Kingdom&check_in=2017-05-01&check_out=2017-05-02","Newly refubrished cozy secure box room ,Plaistow.","London--United-Kingdom","1/5/2017","2/5/2017","208","280","17","4","4.5","4.5","3.5","4","4.5","4.5","1 guest","1 room","1 bed","1.5 baths",1,0,0,1,0,0,0,0,0,1,1,0,1,0,0,0,1,1,0,0,0,0,0,1,1,0,0,1
"80","/rooms/14069119?location=London%2C%20United%20Kingdom&check_in=2017-05-01&check_out=2017-05-02","Nice modern bedroom in house near Tube station","London--United-Kingdom","1/5/2017","2/5/2017","345","433","15","5","5","5","5","4.5","5","5","1 guest","1 room","1 bed","1 shared bath",1,0,0,1,0,1,1,0,0,1,1,0,1,0,1,0,1,1,1,0,0,1,1,1,1,1,0,0
"81","/rooms/17114943?location=London%2C%20United%20Kingdom&check_in=2017-05-01&check_out=2017-05-02","2nd floor Cosy Flat in Central London","London--United-Kingdom","1/5/2017","2/5/2017","721","1162","5","5","5","5","5","5","5","5","2 guests","studio","1 bed","1 bath",0,0,0,0,0,0,0,0,0,1,0,0,1,0,0,0,0,1,1,0,0,1,1,0,1,1,1,0
"82","/rooms/18392484?location=London%2C%20United%20Kingdom&check_in=2017-05-01&check_out=2017-05-02","2 bedroom flat 1 min to Oval Tube","London--United-Kingdom","1/5/2017","2/5/2017","1034","1162",NA,NA,NA,NA,NA,NA,NA,NA,"4 guests","1 room","2 beds","1 bath",0,0,0,0,0,0,0,0,0,0,0,0,0,0,0,0,0,0,0,0,0,0,0,0,0,0,0,0
"83","/rooms/11529766?location=London%2C%20United%20Kingdom&check_in=2017-05-01&check_out=2017-05-02","Single bedroom in a family home","London--United-Kingdom","1/5/2017","2/5/2017","176","200","49","4.5","4.5","5","4.5","4.5","5","4.5","1 guest","1 room","1 bed","1 bath",0,0,0,0,0,0,0,0,0,1,0,0,1,0,0,0,0,1,0,0,0,0,0,0,1,0,0,0
"84","/rooms/13767485?location=London%2C%20United%20Kingdom&check_in=2017-05-01&check_out=2017-05-02","Central London Double Bedroom","London--United-Kingdom","1/5/2017","2/5/2017","513","689","28","5","5","5","5","4.5","5","5","2 guests","1 room","1 bed","1 shared bath",1,1,0,1,0,1,0,1,0,1,1,0,1,0,0,0,0,1,1,0,0,1,1,1,1,1,0,0
"85","/rooms/8116891?location=London%2C%20United%20Kingdom&check_in=2017-05-01&check_out=2017-05-02","Double Rm in Architect Designed Apt","London--United-Kingdom","1/5/2017","2/5/2017","713","801","150","5","5","5","5","5","5","4.5","2 guests","1 room","1 bed","1 bath",0,1,0,0,0,0,0,1,0,1,0,0,1,0,0,0,0,1,1,0,0,1,1,1,1,1,1,0
"86","/rooms/17846470?location=London%2C%20United%20Kingdom&check_in=2017-05-01&check_out=2017-05-02","London/L - Cheap Private Room","London--United-Kingdom","1/5/2017","2/5/2017","305","513","4","5","5","5","5","4.5","5","5","2 guests","1 room","1 bed","1 bath",0,0,0,0,0,0,0,1,0,1,0,0,1,0,0,0,0,1,0,0,0,1,1,0,1,1,1,0
"87","/rooms/18441144?location=London%2C%20United%20Kingdom&check_in=2017-05-01&check_out=2017-05-02","Lovely room next to Shoreditch","London--United-Kingdom","1/5/2017","2/5/2017","617","689",NA,NA,NA,NA,NA,NA,NA,NA,"2 guests","1 room","1 bed","1 shared bath",0,0,0,0,0,1,0,0,0,1,0,0,1,0,0,0,0,1,0,0,0,1,0,1,1,1,1,0
"88","/rooms/16567689?location=London%2C%20United%20Kingdom&check_in=2017-05-01&check_out=2017-05-02","Perfect Master Bedroom in London","London--United-Kingdom","1/5/2017","2/5/2017","264","384","13","4.5","4.5","5","4.5","4.5","5","5","2 guests","1 room","1 bed","2 shared baths",0,0,0,0,0,1,1,1,0,1,0,0,1,0,0,0,0,1,1,0,0,1,1,1,1,1,1,0
"89","/rooms/15789882?location=London%2C%20United%20Kingdom&check_in=2017-05-01&check_out=2017-05-02","D Cosy Comfy Bedroom Close to tourist attractions.","London--United-Kingdom","1/5/2017","2/5/2017","417","601","23","4","4","4","4","4.5","4.5","4","2 guests","1 room","1 bed","2 baths",0,0,0,0,0,0,0,1,0,1,0,0,1,0,0,0,0,1,1,0,0,1,1,0,0,1,0,0
"90","/rooms/5335503?location=London%2C%20United%20Kingdom&check_in=2017-05-01&check_out=2017-05-02","Piper Suite - London - (GLS3)","London--United-Kingdom","1/5/2017","2/5/2017","1018","1667","77","4","4","4.5","4","4.5","4.5","4","4 guests","1 room","2 beds","1 bath",0,0,0,0,0,1,0,0,0,1,1,0,1,0,0,0,0,1,1,0,0,1,1,1,1,0,1,0
"91","/rooms/10303258?location=London%2C%20United%20Kingdom&check_in=2017-05-01&check_out=2017-05-02","Cosy room in central London","London--United-Kingdom","1/5/2017","2/5/2017","505","681","27","5","5","5","5","4.5","5","4.5","1 guest","1 room","1 bed","1 bath",0,0,0,0,0,1,0,1,1,1,0,1,1,0,0,1,1,1,1,0,0,0,1,1,1,1,1,0
"92","/rooms/17692682?location=London%2C%20United%20Kingdom&check_in=2017-05-01&check_out=2017-05-02","Your Studio in London","London--United-Kingdom","1/5/2017","2/5/2017","729","817","2",NA,NA,NA,NA,NA,NA,NA,"3 guests","studio","1 bed","1 bath",0,0,0,0,0,1,0,0,0,1,1,0,1,0,0,0,0,0,1,0,0,1,1,1,1,1,1,0
"93","/rooms/15558931?location=London%2C%20United%20Kingdom&check_in=2017-05-01&check_out=2017-05-02","Bright & Contemporary Room in Zone 2","London--United-Kingdom","1/5/2017","2/5/2017","457","513",NA,NA,NA,NA,NA,NA,NA,NA,"2 guests","1 room","1 bed","1 shared bath",1,0,0,0,0,1,1,1,1,1,0,1,1,0,1,1,0,1,1,0,0,1,1,1,1,1,1,0
"94","/rooms/14246751?location=London%2C%20United%20Kingdom&check_in=2017-05-01&check_out=2017-05-02","Comfy King Size Room - Zone 1 - Old St, Shoreditch","London--United-Kingdom","1/5/2017","2/5/2017","521","753","69","5","5","5","5","5","5","5","2 guests","1 room","1 bed","1 bath",0,0,0,0,0,1,0,0,1,1,0,0,1,0,1,0,0,1,1,0,0,1,1,1,1,1,1,0
"95","/rooms/15530914?location=London%2C%20United%20Kingdom&check_in=2017-05-01&check_out=2017-05-02","Cosy room in the Heart of Camden","London--United-Kingdom","1/5/2017","2/5/2017","393","441","51","4","4.5","4.5","4","4.5","4.5","4.5","2 guests","1 room","1 bed","1 bath",0,0,0,0,0,0,0,0,0,1,1,0,1,0,0,0,0,1,0,0,0,0,0,1,0,0,0,0
"96","/rooms/4573499?location=London%2C%20United%20Kingdom&check_in=2017-05-01&check_out=2017-05-02","Bright Double Rooms In Portobello Road (D)","London--United-Kingdom","1/5/2017","2/5/2017","369","649","29","4.5","4.5","4.5","4","4.5","4.5","4.5","2 guests","1 room","1 bed","1.5 shared baths",0,0,0,0,0,1,0,1,0,1,0,0,1,0,1,0,0,1,1,0,0,1,0,1,1,1,0,0
"97","/rooms/17864650?location=London%2C%20United%20Kingdom&check_in=2017-05-01&check_out=2017-05-02","Central London Large Studio/ Soho","London--United-Kingdom","1/5/2017","2/5/2017","1443","1972","6","5","5","4","4.5","5","4.5","4.5","3 guests","studio","1 bed","1 bath",0,0,0,0,0,1,0,0,1,1,1,0,1,0,1,1,0,1,1,0,0,1,1,1,1,1,1,1
"98","/rooms/17968487?location=London%2C%20United%20Kingdom&check_in=2017-05-01&check_out=2017-05-02","A great room in central London","London--United-Kingdom","1/5/2017","2/5/2017","617","689","2",NA,NA,NA,NA,NA,NA,NA,"2 guests","1 room","1 bed","1 bath",0,0,0,0,0,1,0,1,1,1,1,0,1,0,0,0,0,1,1,0,0,1,1,0,0,0,0,0
"99","/rooms/15333927?location=London%2C%20United%20Kingdom&check_in=2017-05-01&check_out=2017-05-02","Single bedroom with own bathroom in Wapping","London--United-Kingdom","1/5/2017","2/5/2017","417","465","10","4.5","5","5","5","5","5","4.5","1 guest","1 room","1 bed","1 bath",0,0,0,0,0,1,1,1,1,0,0,0,1,0,0,0,0,1,0,0,0,1,0,0,1,1,0,0
"100","/rooms/15900608?location=London%2C%20United%20Kingdom&check_in=2017-05-01&check_out=2017-05-02","Stunning Studio in the Heart of London","London--United-Kingdom","1/5/2017","2/5/2017","978","1098","10","4.5","4.5","4.5","4.5","4.5","4.5","4.5","2 guests","studio","1 bed","1 bath",0,0,0,1,0,0,0,1,0,1,1,0,1,0,0,0,0,1,1,0,0,1,0,1,1,1,0,0
"101","/rooms/8954570?location=London%2C%20United%20Kingdom&check_in=2017-05-01&check_out=2017-05-02","Room 2. Private room for 4, Soho.","London--United-Kingdom","1/5/2017","2/5/2017","673","929","80","4","4","4.5","3.5","4.5","4.5","4","4 guests","1 room","2 beds","shared half-bath",0,0,0,0,0,0,0,0,0,1,1,0,1,0,1,0,0,1,0,0,0,0,0,1,1,1,0,0
"102","/rooms/11753303?location=London%2C%20United%20Kingdom&check_in=2017-05-01&check_out=2017-05-02","Franciscan 272 B&b En-suite Double Room. R8","London--United-Kingdom","1/5/2017","2/5/2017","529","593","14","4","4.5","4.5","4","4.5","4","4.5","2 guests","1 room","1 bed","1 bath",0,0,0,0,0,1,1,1,0,1,1,0,1,0,0,0,0,1,0,0,0,1,1,0,1,1,1,0
"103","/rooms/18417766?location=London%2C%20United%20Kingdom&check_in=2017-05-01&check_out=2017-05-02","London Studio Room","London--United-Kingdom","1/5/2017","2/5/2017","465","521",NA,NA,NA,NA,NA,NA,NA,NA,"2 guests","1 room","1 bed","1 bath",0,0,0,0,0,1,0,1,0,1,0,0,1,0,0,0,0,1,1,0,0,1,1,0,1,1,1,0
"104","/rooms/4787496?location=London%2C%20United%20Kingdom&check_in=2017-05-01&check_out=2017-05-02","Excellent Location - Central London","London--United-Kingdom","1/5/2017","2/5/2017","457","633","154","4","4.5","4","4.5","4.5","4.5","4.5","2 guests","1 room","1 bed","1 bath",1,0,0,0,0,0,0,1,0,1,0,0,1,0,1,0,0,1,0,0,0,0,0,1,1,0,1,0
"105","/rooms/18383791?location=London%2C%20United%20Kingdom&check_in=2017-05-01&check_out=2017-05-02","Beautiful 1 Bed in Highgate Woods","London--United-Kingdom","1/5/2017","2/5/2017","465","601",NA,NA,NA,NA,NA,NA,NA,NA,"1 guest","1 room","1 bed","1 bath",1,0,0,0,0,1,0,1,0,1,0,0,1,0,0,0,0,1,0,0,0,0,1,1,1,1,0,0
"106","/rooms/17853743?location=London%2C%20United%20Kingdom&check_in=2017-05-01&check_out=2017-05-02","GREAT TRIPLE ROOM IN CAMDEN (B2)","London--United-Kingdom","1/5/2017","2/5/2017","345","465","4","4.5","5","5","4.5","5","5","5","3 guests","1 room","2 beds","1 bath",0,0,0,0,0,1,0,0,0,1,1,0,1,0,1,0,0,1,1,0,0,1,1,1,1,1,0,0
"107","/rooms/5758788?location=London%2C%20United%20Kingdom&check_in=2017-05-01&check_out=2017-05-02","Trafalgar Square/Covent Garden/Soho","London--United-Kingdom","1/5/2017","2/5/2017","641","953","110","4.5","4.5","4.5","4.5","5","4.5","4.5","4 guests","1 room","2 beds","1 bath",0,1,0,0,0,1,0,1,0,1,1,0,1,0,1,0,0,1,1,0,0,1,1,1,1,1,0,0
"108","/rooms/18179367?location=London%2C%20United%20Kingdom&check_in=2017-05-01&check_out=2017-05-02","Super central. Super cute.","London--United-Kingdom","1/5/2017","2/5/2017","777","873","1",NA,NA,NA,NA,NA,NA,NA,"2 guests","1 room","1 bed","1 shared bath",0,0,0,0,0,0,0,0,0,1,0,0,1,0,0,0,0,1,1,0,0,0,0,0,1,0,0,0
"109","/rooms/13385446?location=London%2C%20United%20Kingdom&check_in=2017-05-01&check_out=2017-05-02","Private Room in Soho/Carnaby St flat double bed","London--United-Kingdom","1/5/2017","2/5/2017","777","929","6","5","4.5","5","5","5","5","5","1 guest","1 room","1 bed","1 bath",0,1,0,0,0,1,0,1,0,1,1,0,1,0,1,0,0,1,1,0,0,1,1,1,0,1,1,0
"110","/rooms/12318661?location=London%2C%20United%20Kingdom&check_in=2017-05-01&check_out=2017-05-02","Double room in stylish lakeside apt","London--United-Kingdom","1/5/2017","2/5/2017","777","873","96","5","5","5","5","5","5","5","2 guests","1 room","1 bed","1 private bath",0,0,0,1,0,1,1,1,1,1,0,1,1,0,1,1,0,1,1,0,0,1,1,1,1,1,1,0
"111","/rooms/16465030?location=London%2C%20United%20Kingdom&check_in=2017-05-01&check_out=2017-05-02","Lovely room in a homely Shoreditch house","London--United-Kingdom","1/5/2017","2/5/2017","264","296","12","5","4.5","5","4","4.5","4.5","4.5","1 guest","1 bed","1 bath",NA,0,0,0,0,0,0,0,0,0,0,0,0,1,0,0,0,0,1,1,0,0,1,0,0,1,0,0,0
"112","/rooms/18020627?location=London%2C%20United%20Kingdom&check_in=2017-05-01&check_out=2017-05-02","Ekko London Studio in Location, Location, Location","London--United-Kingdom","1/5/2017","2/5/2017","874","978","4","5","5","5","5","4.5","5","4.5","2 guests","studio","1 bed","1 bath",0,0,0,0,0,1,1,0,0,1,1,0,1,0,0,0,0,1,1,0,0,1,1,1,1,1,1,0
"113","/rooms/13728345?location=London%2C%20United%20Kingdom&check_in=2017-05-01&check_out=2017-05-02","Luxury mansion room.","London--United-Kingdom","1/5/2017","2/5/2017","721","929","25","5","4.5","4.5","5","5","5","5","4 guests","1 room","2 beds","1 private bath",1,1,0,1,0,1,0,1,0,1,1,0,1,1,1,0,0,1,1,0,0,1,1,1,1,1,0,0
"114","/rooms/17957568?location=London%2C%20United%20Kingdom&check_in=2017-05-01&check_out=2017-05-02","Private Double Room in Modern Luxury Apartment","London--United-Kingdom","1/5/2017","2/5/2017","593","857","2",NA,NA,NA,NA,NA,NA,NA,"2 guests","1 room","1 bed","1 bath",0,0,0,0,0,1,0,1,1,0,0,0,1,0,0,0,0,1,1,0,0,1,1,0,1,1,0,0
"115","/rooms/12588431?location=London%2C%20United%20Kingdom&check_in=2017-05-01&check_out=2017-05-02","Double bedroom with balcony and private bathroom","London--United-Kingdom","1/5/2017","2/5/2017","465","657","62","5","5","5","5","5","5","5","2 guests","1 room","1 bed","2 private baths",0,0,1,0,0,1,0,1,1,1,0,1,1,0,1,0,0,1,1,0,0,1,1,1,1,0,0,0
"116","/rooms/14069119?location=London%2C%20United%20Kingdom&check_in=2017-05-01&check_out=2017-05-02","Nice modern bedroom in house near Tube station","London--United-Kingdom","1/5/2017","2/5/2017","345","433","15","5","5","5","5","4.5","5","5","1 guest","1 room","1 bed","1 shared bath",1,0,0,1,0,1,1,0,0,1,1,0,1,0,1,0,1,1,1,0,0,1,1,1,1,1,0,0
"117","/rooms/14795123?location=London%2C%20United%20Kingdom&check_in=2017-05-01&check_out=2017-05-02","Tottenham Single room in central London 2C","London--United-Kingdom","1/5/2017","2/5/2017","1026","1154","5","4","4","4.5","4.5","5","4.5","4.5","1 guest","1 room","1 bed","1 shared bath",0,0,0,0,0,1,0,1,0,1,0,1,1,0,1,1,1,1,1,0,0,1,1,1,1,1,1,0
"118","/rooms/18392484?location=London%2C%20United%20Kingdom&check_in=2017-05-01&check_out=2017-05-02","2 bedroom flat 1 min to Oval Tube","London--United-Kingdom","1/5/2017","2/5/2017","1034","1162",NA,NA,NA,NA,NA,NA,NA,NA,"4 guests","1 room","2 beds","1 bath",0,0,0,0,0,0,0,0,0,0,0,0,0,0,0,0,0,0,0,0,0,0,0,0,0,0,0,0
"119","/rooms/15415468?location=London%2C%20United%20Kingdom&check_in=2017-05-01&check_out=2017-05-02","Double bedroom near Canary Wharf","London--United-Kingdom","1/5/2017","2/5/2017","313","409","48","4.5","5","5","4.5","4.5","5","5","2 guests","1 room","1 bed","1 bath",0,0,0,0,0,1,0,0,0,1,1,0,1,0,1,0,0,1,1,0,0,1,1,1,1,1,0,0
"120","/rooms/13767485?location=London%2C%20United%20Kingdom&check_in=2017-05-01&check_out=2017-05-02","Central London Double Bedroom","London--United-Kingdom","1/5/2017","2/5/2017","513","689","28","5","5","5","5","4.5","5","5","2 guests","1 room","1 bed","1 shared bath",1,1,0,1,0,1,0,1,0,1,1,0,1,0,0,0,0,1,1,0,0,1,1,1,1,1,0,0
"121","/rooms/18342596?location=London%2C%20United%20Kingdom&check_in=2017-05-01&check_out=2017-05-02","Modern Room in Great Location","London--United-Kingdom","1/5/2017","2/5/2017","321","473",NA,NA,NA,NA,NA,NA,NA,NA,"3 guests","1 room","1 bed","1 shared bath",0,0,0,0,0,1,0,0,0,1,1,0,1,0,1,0,0,1,1,0,0,1,1,1,1,1,0,0
"122","/rooms/17846470?location=London%2C%20United%20Kingdom&check_in=2017-05-01&check_out=2017-05-02","London/L - Cheap Private Room","London--United-Kingdom","1/5/2017","2/5/2017","305","513","4","5","5","5","5","4.5","5","5","2 guests","1 room","1 bed","1 bath",0,0,0,0,0,0,0,1,0,1,0,0,1,0,0,0,0,1,0,0,0,1,1,0,1,1,1,0
"123","/rooms/5335503?location=London%2C%20United%20Kingdom&check_in=2017-05-01&check_out=2017-05-02","Piper Suite - London - (GLS3)","London--United-Kingdom","1/5/2017","2/5/2017","1018","1667","77","4","4","4.5","4","4.5","4.5","4","4 guests","1 room","2 beds","1 bath",0,0,0,0,0,1,0,0,0,1,1,0,1,0,0,0,0,1,1,0,0,1,1,1,1,0,1,0
"124","/rooms/16567689?location=London%2C%20United%20Kingdom&check_in=2017-05-01&check_out=2017-05-02","Perfect Master Bedroom in London","London--United-Kingdom","1/5/2017","2/5/2017","264","384","13","4.5","4.5","5","4.5","4.5","5","5","2 guests","1 room","1 bed","2 shared baths",0,0,0,0,0,1,1,1,0,1,0,0,1,0,0,0,0,1,1,0,0,1,1,1,1,1,1,0
"125","/rooms/4791001?location=London%2C%20United%20Kingdom&check_in=2017-05-01&check_out=2017-05-02","Room in the heart of Camden 2","London--United-Kingdom","1/5/2017","2/5/2017","569","641","158","4.5","4.5","4.5","4.5","5","4.5","4.5","3 guests","1 room","3 beds","1 bath",0,0,0,0,0,0,0,1,0,1,0,0,1,0,0,0,0,1,0,0,0,0,0,0,0,0,1,1
"126","/rooms/5335503?location=London%2C%20United%20Kingdom&check_in=2017-05-01&check_out=2017-05-02","Piper Suite - London - (GLS3)","London--United-Kingdom","1/5/2017","2/5/2017","1018","1667","77","4","4","4.5","4","4.5","4.5","4","4 guests","1 room","2 beds","1 bath",0,0,0,0,0,1,0,0,0,1,1,0,1,0,0,0,0,1,1,0,0,1,1,1,1,0,1,0
"127","/rooms/1075593?location=London%2C%20United%20Kingdom&check_in=2017-05-01&check_out=2017-05-02","Double Room near Camden Market!","London--United-Kingdom","1/5/2017","2/5/2017","617","689","157","4.5","4.5","5","5","4.5","5","4.5","2 guests","1 room","1 bed","1 shared bath",0,0,0,0,0,1,0,1,0,1,1,0,1,0,0,0,0,1,0,0,0,1,1,1,0,1,0,0
"128","/rooms/17692682?location=London%2C%20United%20Kingdom&check_in=2017-05-01&check_out=2017-05-02","Your Studio in London","London--United-Kingdom","1/5/2017","2/5/2017","729","817","2",NA,NA,NA,NA,NA,NA,NA,"3 guests","studio","1 bed","1 bath",0,0,0,0,0,1,0,0,0,1,1,0,1,0,0,0,0,0,1,0,0,1,1,1,1,1,1,0
"129","/rooms/16881180?location=London%2C%20United%20Kingdom&check_in=2017-05-01&check_out=2017-05-02","Double room,Canary Wharf,1min to Westferry station","London--United-Kingdom","1/5/2017","2/5/2017","329","473","9","5","4.5","5","4","4.5","4.5","4.5","2 guests","1 room","1 bed","1 shared bath",0,0,0,0,0,0,1,1,1,1,0,0,1,0,0,0,1,1,1,0,0,1,1,1,1,1,1,0
"130","/rooms/14246751?location=London%2C%20United%20Kingdom&check_in=2017-05-01&check_out=2017-05-02","Comfy King Size Room - Zone 1 - Old St, Shoreditch","London--United-Kingdom","1/5/2017","2/5/2017","521","753","69","5","5","5","5","5","5","5","2 guests","1 room","1 bed","1 bath",0,0,0,0,0,1,0,0,1,1,0,0,1,0,1,0,0,1,1,0,0,1,1,1,1,1,1,0
"131","/rooms/16361542?location=London%2C%20United%20Kingdom&check_in=2017-05-01&check_out=2017-05-02","LONDON CITY CENTRE MODERN APARTMENT","London--United-Kingdom","1/5/2017","2/5/2017","465","521","19","4.5","4.5","5","5","4.5","5","4.5","3 guests","1 room","1 bed","1 shared bath",0,0,1,0,0,1,0,0,1,1,1,0,1,0,1,0,0,1,1,0,0,1,1,1,1,0,1,0
"132","/rooms/4573499?location=London%2C%20United%20Kingdom&check_in=2017-05-01&check_out=2017-05-02","Bright Double Rooms In Portobello Road (D)","London--United-Kingdom","1/5/2017","2/5/2017","369","649","29","4.5","4.5","4.5","4","4.5","4.5","4.5","2 guests","1 room","1 bed","1.5 shared baths",0,0,0,0,0,1,0,1,0,1,0,0,1,0,1,0,0,1,1,0,0,1,0,1,1,1,0,0
"133","/rooms/17853743?location=London%2C%20United%20Kingdom&check_in=2017-05-01&check_out=2017-05-02","GREAT TRIPLE ROOM IN CAMDEN (B2)","London--United-Kingdom","1/5/2017","2/5/2017","345","465","4","4.5","5","5","4.5","5","5","5","3 guests","1 room","2 beds","1 bath",0,0,0,0,0,1,0,0,0,1,1,0,1,0,1,0,0,1,1,0,0,1,1,1,1,1,0,0
"134","/rooms/17968487?location=London%2C%20United%20Kingdom&check_in=2017-05-01&check_out=2017-05-02","A great room in central London","London--United-Kingdom","1/5/2017","2/5/2017","617","689","2",NA,NA,NA,NA,NA,NA,NA,"2 guests","1 room","1 bed","1 bath",0,0,0,0,0,1,0,1,1,1,1,0,1,0,0,0,0,1,1,0,0,1,1,0,0,0,0,0
"135","/rooms/17429233?location=London%2C%20United%20Kingdom&check_in=2017-05-01&check_out=2017-05-02","Nice shared property in the heart of London Room 1","London--United-Kingdom","1/5/2017","2/5/2017","104","408","12","5","5","5","5","4.5","5","4.5","2 guests","1 room","1 bed","1 shared bath",0,0,0,1,0,1,1,0,0,1,0,0,1,0,0,0,0,1,1,0,0,1,1,1,1,1,0,0
"136","/rooms/15900608?location=London%2C%20United%20Kingdom&check_in=2017-05-01&check_out=2017-05-02","Stunning Studio in the Heart of London","London--United-Kingdom","1/5/2017","2/5/2017","978","1098","10","4.5","4.5","4.5","4.5","4.5","4.5","4.5","2 guests","studio","1 bed","1 bath",0,0,0,1,0,0,0,1,0,1,1,0,1,0,0,0,0,1,1,0,0,1,0,1,1,1,0,0
"137","/rooms/12259481?location=London%2C%20United%20Kingdom&check_in=2017-05-01&check_out=2017-05-02","Lovely Private Room Near Notting Hill (LA-III)","London--United-Kingdom","1/5/2017","2/5/2017","305","513","41","4.5","4.5","5","4.5","4.5","5","4.5","2 guests","1 room","1 bed","1.5 baths",0,0,0,0,0,1,0,1,0,1,0,0,1,0,1,0,0,1,1,0,0,1,1,1,1,1,0,0
"138","/rooms/11753303?location=London%2C%20United%20Kingdom&check_in=2017-05-01&check_out=2017-05-02","Franciscan 272 B&b En-suite Double Room. R8","London--United-Kingdom","1/5/2017","2/5/2017",NA,"593","14","4","4.5","4.5","4","4.5","4","4.5","2 guests","1 room","1 bed","1 bath",0,0,0,0,0,1,1,1,0,1,1,0,1,0,0,0,0,1,0,0,0,1,1,0,1,1,1,0
"139","/rooms/17664228?location=London%2C%20United%20Kingdom&check_in=2017-05-01&check_out=2017-05-02","One Bedroom Flat near Central London","London--United-Kingdom","1/5/2017","2/5/2017","721","929","4","4.5","4.5","4.5","4.5","4.5","4.5","5","6 guests","1 room","3 beds","1 bath",0,0,0,0,0,1,0,0,0,1,1,0,1,0,0,0,0,1,1,0,0,1,1,1,1,1,1,0
"140","/rooms/4787496?location=London%2C%20United%20Kingdom&check_in=2017-05-01&check_out=2017-05-02","Excellent Location - Central London","London--United-Kingdom","1/5/2017","2/5/2017","457","633","154","4","4.5","4","4.5","4.5","4.5","4.5","2 guests","1 room","1 bed","1 bath",1,0,0,0,0,0,0,1,0,1,0,0,1,0,1,0,0,1,0,0,0,0,0,1,1,0,1,0
"141","/rooms/18436117?location=London%2C%20United%20Kingdom&check_in=2017-05-01&check_out=2017-05-02","Double room in modern light/airy flat","London--United-Kingdom","1/5/2017","2/5/2017","361",NA,NA,NA,NA,NA,NA,NA,NA,NA,"2 guests","1 room","1 bed","1 shared bath",0,0,0,0,0,1,1,0,0,1,0,0,1,1,1,0,0,1,0,0,0,1,1,1,1,1,1,0
"142","/rooms/17853743?location=London%2C%20United%20Kingdom&check_in=2017-05-01&check_out=2017-05-02","GREAT TRIPLE ROOM IN CAMDEN (B2)","London--United-Kingdom","1/5/2017","2/5/2017","345","465","4","4.5","5","5","4.5","5","5","5","3 guests","1 room","2 beds","1 bath",0,0,0,0,0,1,0,0,0,1,1,0,1,0,1,0,0,1,1,0,0,1,1,1,1,1,0,0
"143","/rooms/8880659?location=London%2C%20United%20Kingdom&check_in=2017-05-01&check_out=2017-05-02","Double Room Aldgate ZONE 1 (R1HS)","London--United-Kingdom","1/5/2017","2/5/2017","256","408","38","4","4","4.5","4","3.5","4.5","4","2 guests","1 room","1 bed","1 shared bath",0,0,0,0,0,1,0,0,0,1,0,0,1,0,1,0,0,1,0,0,0,0,0,1,1,0,0,0
"144","/rooms/18179367?location=London%2C%20United%20Kingdom&check_in=2017-05-01&check_out=2017-05-02","Super central. Super cute.","London--United-Kingdom","1/5/2017","2/5/2017","777","873","1",NA,NA,NA,NA,NA,NA,NA,"2 guests","1 room","1 bed","1 shared bath",0,0,0,0,0,0,0,0,0,1,0,0,1,0,0,0,0,1,1,0,0,0,0,0,1,0,0,0
"145","/rooms/2986981?location=London%2C%20United%20Kingdom&check_in=2017-05-01&check_out=2017-05-02","Charming Hackney cabin","London--United-Kingdom","1/5/2017","2/5/2017","321","361","112","4.5","4.5","5","5","4.5","5","4.5","1 guest","1 room","1 bed","1 bath",1,0,1,1,0,1,1,1,0,1,0,0,1,0,0,0,0,1,1,0,0,1,1,1,1,1,0,0
"146","/rooms/12318661?location=London%2C%20United%20Kingdom&check_in=2017-05-01&check_out=2017-05-02","Double room in stylish lakeside apt","London--United-Kingdom","1/5/2017","2/5/2017","777","873","96","5","5","5","5","5","5","5","2 guests","1 room","1 bed","1 private bath",0,0,0,1,0,1,1,1,1,1,0,1,1,0,1,1,0,1,1,0,0,1,1,1,1,1,1,0
"147","/rooms/18420849?location=London%2C%20United%20Kingdom&check_in=2017-05-01&check_out=2017-05-02","Single room in West Kensington, central London","London--United-Kingdom","1/5/2017","2/5/2017","721","809",NA,NA,NA,NA,NA,NA,NA,NA,"1 guest","1 room","1 bed","1 shared bath",0,0,0,0,0,1,0,0,0,1,1,0,1,0,0,0,0,0,1,0,0,0,0,0,1,0,1,0
"148","/rooms/18020627?location=London%2C%20United%20Kingdom&check_in=2017-05-01&check_out=2017-05-02","Ekko London Studio in Location, Location, Location","London--United-Kingdom","1/5/2017","2/5/2017","874","978","4","5","5","5","5","4.5","5","4.5","2 guests","studio","1 bed","1 bath",0,0,0,0,0,1,1,0,0,1,1,0,1,0,0,0,0,1,1,0,0,1,1,1,1,1,1,0
"149","/rooms/18310409?location=London%2C%20United%20Kingdom&check_in=2017-05-01&check_out=2017-05-02","17th floor studio (single sofa bed in living room)","London--United-Kingdom","1/5/2017","2/5/2017","240","272",NA,NA,NA,NA,NA,NA,NA,NA,"1 guest","1 room","1 bed","1 bath",0,0,0,0,0,0,0,0,1,1,0,0,1,0,1,0,0,0,1,0,1,0,1,1,1,1,0,0
"150","/rooms/17957568?location=London%2C%20United%20Kingdom&check_in=2017-05-01&check_out=2017-05-02","Private Double Room in Modern Luxury Apartment","London--United-Kingdom","1/5/2017","2/5/2017","593","857","2",NA,NA,NA,NA,NA,NA,NA,"2 guests","1 room","1 bed","1 bath",0,0,0,0,0,1,0,1,1,0,0,0,1,0,0,0,0,1,1,0,0,1,1,0,1,1,0,0
"151","/rooms/15643989?location=London%2C%20United%20Kingdom&check_in=2017-05-01&check_out=2017-05-02","Newly refubrished cozy secure box room ,Plaistow.","London--United-Kingdom","1/5/2017","2/5/2017","208","280","17","4","4.5","4.5","3.5","4","4.5","4.5","1 guest","1 room","1 bed","1.5 baths",1,0,0,1,0,0,0,0,0,1,1,0,1,0,0,0,1,1,0,0,0,0,0,1,1,0,0,1
"152","/rooms/14069119?location=London%2C%20United%20Kingdom&check_in=2017-05-01&check_out=2017-05-02","Nice modern bedroom in house near Tube station","London--United-Kingdom","1/5/2017","2/5/2017","345","433","15","5","5","5","5","4.5","5","5","1 guest","1 room","1 bed","1 shared bath",1,0,0,1,0,1,1,0,0,1,1,0,1,0,1,0,1,1,1,0,0,1,1,1,1,1,0,0
"153","/rooms/13971933?location=London%2C%20United%20Kingdom&check_in=2017-05-01&check_out=2017-05-02","Large en suite king bedroom available in Catford","London--United-Kingdom","1/5/2017","2/5/2017","401","737","10","5","5","5","5","4","5","5","3 guests","1 room","2 beds","1 private bath",0,0,0,0,0,1,0,1,0,1,1,0,1,0,1,0,0,1,1,0,0,1,1,1,1,1,1,0
"154","/rooms/18392484?location=London%2C%20United%20Kingdom&check_in=2017-05-01&check_out=2017-05-02","2 bedroom flat 1 min to Oval Tube","London--United-Kingdom","1/5/2017","2/5/2017","1034","1162",NA,NA,NA,NA,NA,NA,NA,NA,"4 guests","1 room","2 beds","1 bath",0,0,0,0,0,0,0,0,0,0,0,0,0,0,0,0,0,0,0,0,0,0,0,0,0,0,0,0
"155","/rooms/11529766?location=London%2C%20United%20Kingdom&check_in=2017-05-01&check_out=2017-05-02","Single bedroom in a family home","London--United-Kingdom","1/5/2017","2/5/2017","176","200","49","4.5","4.5","5","4.5","4.5","5","4.5","1 guest","1 room","1 bed","1 bath",0,0,0,0,0,0,0,0,0,1,0,0,1,0,0,0,0,1,0,0,0,0,0,0,1,0,0,0
"156","/rooms/13767485?location=London%2C%20United%20Kingdom&check_in=2017-05-01&check_out=2017-05-02","Central London Double Bedroom","London--United-Kingdom","1/5/2017","2/5/2017","513","689","28","5","5","5","5","4.5","5","5","2 guests","1 room","1 bed","1 shared bath",1,1,0,1,0,1,0,1,0,1,1,0,1,0,0,0,0,1,1,0,0,1,1,1,1,1,0,0
"157","/rooms/4790864?location=London%2C%20United%20Kingdom&check_in=2017-05-01&check_out=2017-05-02","Bed in the Heart of Camden Town","London--United-Kingdom","1/5/2017","2/5/2017","208","232","107","4.5","4.5","4.5","4.5","4.5","4.5","4.5","1 guest","1 bed","1 bath",NA,0,0,0,0,0,0,0,0,0,1,0,0,1,0,1,0,0,1,0,0,0,0,0,1,0,0,1,0
"158","/rooms/17846470?location=London%2C%20United%20Kingdom&check_in=2017-05-01&check_out=2017-05-02","London/L - Cheap Private Room","London--United-Kingdom","1/5/2017","2/5/2017","305","513","4","5","5","5","5","4.5","5","5","2 guests","1 room","1 bed","1 bath",0,0,0,0,0,0,0,1,0,1,0,0,1,0,0,0,0,1,0,0,0,1,1,0,1,1,1,0
"159","/rooms/18441144?location=London%2C%20United%20Kingdom&check_in=2017-05-01&check_out=2017-05-02","Lovely room next to Shoreditch","London--United-Kingdom","1/5/2017","2/5/2017","617","689",NA,NA,NA,NA,NA,NA,NA,NA,"2 guests","1 room","1 bed","1 shared bath",0,0,0,0,0,1,0,0,0,1,0,0,1,0,0,0,0,1,0,0,0,1,0,1,1,1,1,0
"160","/rooms/16567689?location=London%2C%20United%20Kingdom&check_in=2017-05-01&check_out=2017-05-02","Perfect Master Bedroom in London","London--United-Kingdom","1/5/2017","2/5/2017","264","384","13","4.5","4.5","5","4.5","4.5","5","5","2 guests","1 room","1 bed","2 shared baths",0,0,0,0,0,1,1,1,0,1,0,0,1,0,0,0,0,1,1,0,0,1,1,1,1,1,1,0
"161","/rooms/7211021?location=London%2C%20United%20Kingdom&check_in=2017-05-01&check_out=2017-05-02","Double room 5 mins from Camden","London--United-Kingdom","1/5/2017","2/5/2017","569","689","83","4.5","4.5","5","4.5","5","5","4.5","2 guests","1 room","1 bed","1 bath",0,0,0,0,0,0,0,1,0,1,1,0,1,0,1,1,1,1,0,0,0,0,0,1,1,0,1,0
"162","/rooms/5335503?location=London%2C%20United%20Kingdom&check_in=2017-05-01&check_out=2017-05-02","Piper Suite - London - (GLS3)","London--United-Kingdom","1/5/2017","2/5/2017","1018","1667","77","4","4","4.5","4","4.5","4.5","4","4 guests","1 room","2 beds","1 bath",0,0,0,0,0,1,0,0,0,1,1,0,1,0,0,0,0,1,1,0,0,1,1,1,1,0,1,0
"163","/rooms/10303258?location=London%2C%20United%20Kingdom&check_in=2017-05-01&check_out=2017-05-02","Cosy room in central London","London--United-Kingdom","1/5/2017","2/5/2017","505","681","27","5","5","5","5","4.5","5","4.5","1 guest","1 room","1 bed","1 bath",0,0,0,0,0,1,0,1,1,1,0,1,1,0,0,1,1,1,1,0,0,0,1,1,1,1,1,0
"164","/rooms/17692682?location=London%2C%20United%20Kingdom&check_in=2017-05-01&check_out=2017-05-02","Your Studio in London","London--United-Kingdom","1/5/2017","2/5/2017","729","817","2",NA,NA,NA,NA,NA,NA,NA,"3 guests","studio","1 bed","1 bath",0,0,0,0,0,1,0,0,0,1,1,0,1,0,0,0,0,0,1,0,0,1,1,1,1,1,1,0
"165","/rooms/6969974?location=London%2C%20United%20Kingdom&check_in=2017-05-01&check_out=2017-05-02","Small room in a cosy house.","London--United-Kingdom","1/5/2017","2/5/2017","313","353","86","5","5","5","5","4.5","5","5","1 guest","1 room","1 bed","1 bath",0,0,1,0,0,1,0,1,0,1,0,0,1,0,0,0,0,1,0,0,0,1,1,1,1,1,0,0
"166","/rooms/14246751?location=London%2C%20United%20Kingdom&check_in=2017-05-01&check_out=2017-05-02","Comfy King Size Room - Zone 1 - Old St, Shoreditch","London--United-Kingdom","1/5/2017","2/5/2017","521","753","69","5","5","5","5","5","5","5","2 guests","1 room","1 bed","1 bath",0,0,0,0,0,1,0,0,1,1,0,0,1,0,1,0,0,1,1,0,0,1,1,1,1,1,1,0
"167","/rooms/15530914?location=London%2C%20United%20Kingdom&check_in=2017-05-01&check_out=2017-05-02","Cosy room in the Heart of Camden","London--United-Kingdom","1/5/2017","2/5/2017","393","441","51","4","4.5","4.5","4","4.5","4.5","4.5","2 guests","1 room","1 bed","1 bath",0,0,0,0,0,0,0,0,0,1,1,0,1,0,0,0,0,1,0,0,0,0,0,1,0,0,0,0
"168","/rooms/4573499?location=London%2C%20United%20Kingdom&check_in=2017-05-01&check_out=2017-05-02","Bright Double Rooms In Portobello Road (D)","London--United-Kingdom","1/5/2017","2/5/2017","369","649","29","4.5","4.5","4.5","4","4.5","4.5","4.5","2 guests","1 room","1 bed","1.5 shared baths",0,0,0,0,0,1,0,1,0,1,0,0,1,0,1,0,0,1,1,0,0,1,0,1,1,1,0,0
"169","/rooms/6969974?location=London%2C%20United%20Kingdom&check_in=2017-05-01&check_out=2017-05-02","Small room in a cosy house.","London--United-Kingdom","1/5/2017","2/5/2017","313","353","86","5","5","5","5","4.5","5","5","1 guest","1 room","1 bed","1 bath",0,0,1,0,0,1,0,1,0,1,0,0,1,0,0,0,0,1,0,0,0,1,1,1,1,1,0,0
"170","/rooms/17968487?location=London%2C%20United%20Kingdom&check_in=2017-05-01&check_out=2017-05-02","A great room in central London","London--United-Kingdom","1/5/2017","2/5/2017","617","689","2",NA,NA,NA,NA,NA,NA,NA,"2 guests","1 room","1 bed","1 bath",0,0,0,0,0,1,0,1,1,1,1,0,1,0,0,0,0,1,1,0,0,1,1,0,0,0,0,0
"171","/rooms/15333927?location=London%2C%20United%20Kingdom&check_in=2017-05-01&check_out=2017-05-02","Single bedroom with own bathroom in Wapping","London--United-Kingdom","1/5/2017","2/5/2017","417","465","10","4.5","5","5","5","5","5","4.5","1 guest","1 room","1 bed","1 bath",0,0,0,0,0,1,1,1,1,0,0,0,1,0,0,0,0,1,0,0,0,1,0,0,1,1,0,0
"172","/rooms/15900608?location=London%2C%20United%20Kingdom&check_in=2017-05-01&check_out=2017-05-02","Stunning Studio in the Heart of London","London--United-Kingdom","1/5/2017","2/5/2017","978","1098","10","4.5","4.5","4.5","4.5","4.5","4.5","4.5","2 guests","studio","1 bed","1 bath",0,0,0,1,0,0,0,1,0,1,1,0,1,0,0,0,0,1,1,0,0,1,0,1,1,1,0,0
"173","/rooms/11860278?location=London%2C%20United%20Kingdom&check_in=2017-05-01&check_out=2017-05-02","Adorable dble room in beautiful London family home","London--United-Kingdom","1/5/2017","2/5/2017","601","673","51","5","5","5","5","5","5","5","2 guests","1 room","1 bed","1 bath",0,0,1,0,0,1,0,1,0,0,1,0,1,0,0,0,0,1,1,0,0,0,1,0,1,1,0,0
"174","/rooms/11753303?location=London%2C%20United%20Kingdom&check_in=2017-05-01&check_out=2017-05-02","Franciscan 272 B&b En-suite Double Room. R8","London--United-Kingdom","1/5/2017","2/5/2017","529","593","14","4","4.5","4.5","4","4.5","4","4.5","2 guests","1 room","1 bed","1 bath",0,0,0,0,0,1,1,1,0,1,1,0,1,0,0,0,0,1,0,0,0,1,1,0,1,1,1,0
"175","/rooms/18417766?location=London%2C%20United%20Kingdom&check_in=2017-05-01&check_out=2017-05-02","London Studio Room","London--United-Kingdom","1/5/2017","2/5/2017","465","521",NA,NA,NA,NA,NA,NA,NA,NA,"2 guests","1 room","1 bed","1 bath",0,0,0,0,0,1,0,1,0,1,0,0,1,0,0,0,0,1,1,0,0,1,1,0,1,1,1,0
"176","/rooms/4787496?location=London%2C%20United%20Kingdom&check_in=2017-05-01&check_out=2017-05-02","Excellent Location - Central London","London--United-Kingdom","1/5/2017","2/5/2017","457","633","154","4","4.5","4","4.5","4.5","4.5","4.5","2 guests","1 room","1 bed","1 bath",1,0,0,0,0,0,0,1,0,1,0,0,1,0,1,0,0,1,0,0,0,0,0,1,1,0,1,0
"177","/rooms/17087866?location=London%2C%20United%20Kingdom&check_in=2017-05-01&check_out=2017-05-02","84 - Large Twin Room Near Hyde Park and Oxford St","London--United-Kingdom","1/5/2017","2/5/2017","353","569","14","3.5","3.5","4","4","4.5","3","4","2 guests","1 room","2 beds","1 shared bath",0,0,0,0,0,1,0,0,1,1,0,0,1,0,1,0,0,1,0,0,0,1,1,1,1,1,0,0
"178","/rooms/17853743?location=London%2C%20United%20Kingdom&check_in=2017-05-01&check_out=2017-05-02","GREAT TRIPLE ROOM IN CAMDEN (B2)","London--United-Kingdom","1/5/2017","2/5/2017","345","465","4","4.5","5","5","4.5","5","5","5","3 guests","1 room","2 beds","1 bath",0,0,0,0,0,1,0,0,0,1,1,0,1,0,1,0,0,1,1,0,0,1,1,1,1,1,0,0
"179","/rooms/5758788?location=London%2C%20United%20Kingdom&check_in=2017-05-01&check_out=2017-05-02","Trafalgar Square/Covent Garden/Soho","London--United-Kingdom","1/5/2017","2/5/2017","641","953","110","4.5","4.5","4.5","4.5","5","4.5","4.5","4 guests","1 room","2 beds","1 bath",0,1,0,0,0,1,0,1,0,1,1,0,1,0,1,0,0,1,1,0,0,1,1,1,1,1,0,0
"180","/rooms/18179367?location=London%2C%20United%20Kingdom&check_in=2017-05-01&check_out=2017-05-02","Super central. Super cute.","London--United-Kingdom","1/5/2017","2/5/2017","777","873","1",NA,NA,NA,NA,NA,NA,NA,"2 guests","1 room","1 bed","1 shared bath",0,0,0,0,0,0,0,0,0,1,0,0,1,0,0,0,0,1,1,0,0,0,0,0,1,0,0,0
"181","/rooms/18066821?location=London%2C%20United%20Kingdom&check_in=2017-05-01&check_out=2017-05-02","13 mins from Oxford St - Flat with outdoor space","London--United-Kingdom","1/5/2017","2/5/2017","673","1082","6","4.5","4.5","4.5","5","5","5","4.5","2 guests","2 rooms","1 bed","1 bath",0,1,1,0,0,1,0,0,0,1,1,1,0,0,1,0,0,1,1,0,0,0,0,1,1,0,0,0
"182","/rooms/12318661?location=London%2C%20United%20Kingdom&check_in=2017-05-01&check_out=2017-05-02","Double room in stylish lakeside apt","London--United-Kingdom","1/5/2017","2/5/2017","777","873","96","5","5","5","5","5","5","5","2 guests","1 room","1 bed","1 private bath",0,0,0,1,0,1,1,1,1,1,0,1,1,0,1,1,0,1,1,0,0,1,1,1,1,1,1,0
"183","/rooms/16465030?location=London%2C%20United%20Kingdom&check_in=2017-05-01&check_out=2017-05-02","Lovely room in a homely Shoreditch house","London--United-Kingdom","1/5/2017","2/5/2017","264","296","12","5","4.5","5","4","4.5","4.5","4.5","1 guest","1 bed","1 bath",NA,0,0,0,0,0,0,0,0,0,0,0,0,1,0,0,0,0,1,1,0,0,1,0,0,1,0,0,0
"184","/rooms/18020627?location=London%2C%20United%20Kingdom&check_in=2017-05-01&check_out=2017-05-02","Ekko London Studio in Location, Location, Location","London--United-Kingdom","1/5/2017","2/5/2017","874","978","4","5","5","5","5","4.5","5","4.5","2 guests","studio","1 bed","1 bath",0,0,0,0,0,1,1,0,0,1,1,0,1,0,0,0,0,1,1,0,0,1,1,1,1,1,1,0
"185","/rooms/8171302?location=London%2C%20United%20Kingdom&check_in=2017-05-01&check_out=2017-05-02","Double room with Balcony citycentre","London--United-Kingdom","1/5/2017","2/5/2017","617","809","97","4.5","4.5","5","4.5","4.5","5","4.5","2 guests","1 room","1 bed","1 bath",0,0,0,0,0,0,0,1,0,0,0,0,1,0,1,0,0,1,0,0,0,0,0,1,1,1,0,0
"186","/rooms/17957568?location=London%2C%20United%20Kingdom&check_in=2017-05-01&check_out=2017-05-02","Private Double Room in Modern Luxury Apartment","London--United-Kingdom","1/5/2017","2/5/2017","593","857","2",NA,NA,NA,NA,NA,NA,NA,"2 guests","1 room","1 bed","1 bath",0,0,0,0,0,1,0,1,1,0,0,0,1,0,0,0,0,1,1,0,0,1,1,0,1,1,0,0
"187","/rooms/12588431?location=London%2C%20United%20Kingdom&check_in=2017-05-01&check_out=2017-05-02","Double bedroom with balcony and private bathroom","London--United-Kingdom","1/5/2017","2/5/2017","465","657","62","5","5","5","5","5","5","5","2 guests","1 room","1 bed","2 private baths",0,0,1,0,0,1,0,1,1,1,0,1,1,0,1,0,0,1,1,0,0,1,1,1,1,0,0,0
"188","/rooms/14069119?location=London%2C%20United%20Kingdom&check_in=2017-05-01&check_out=2017-05-02","Nice modern bedroom in house near Tube station","London--United-Kingdom","1/5/2017","2/5/2017","345","433","15","5","5","5","5","4.5","5","5","1 guest","1 room","1 bed","1 shared bath",1,0,0,1,0,1,1,0,0,1,1,0,1,0,1,0,1,1,1,0,0,1,1,1,1,1,0,0
"189","/rooms/11729507?location=London%2C%20United%20Kingdom&check_in=2017-05-01&check_out=2017-05-02","Amazing Apt Next To Hyde Park H22","London--United-Kingdom","1/5/2017","2/5/2017","513","809","50","4","4.5","4.5","4","4.5","4.5","4","3 guests","studio","1 bed","1 bath",0,0,0,0,0,1,0,1,0,1,1,0,1,0,1,0,0,1,1,0,0,1,1,1,1,0,1,0
"190","/rooms/18392484?location=London%2C%20United%20Kingdom&check_in=2017-05-01&check_out=2017-05-02","2 bedroom flat 1 min to Oval Tube","London--United-Kingdom","1/5/2017","2/5/2017","1034","1162",NA,NA,NA,NA,NA,NA,NA,NA,"4 guests","1 room","2 beds","1 bath",0,0,0,0,0,0,0,0,0,0,0,0,0,0,0,0,0,0,0,0,0,0,0,0,0,0,0,0
"191","/rooms/15415468?location=London%2C%20United%20Kingdom&check_in=2017-05-01&check_out=2017-05-02","Double bedroom near Canary Wharf","London--United-Kingdom","1/5/2017","2/5/2017","313","409","48","4.5","5","5","4.5","4.5","5","5","2 guests","1 room","1 bed","1 bath",0,0,0,0,0,1,0,0,0,1,1,0,1,0,1,0,0,1,1,0,0,1,1,1,1,1,0,0
"192","/rooms/13767485?location=London%2C%20United%20Kingdom&check_in=2017-05-01&check_out=2017-05-02","Central London Double Bedroom","London--United-Kingdom","1/5/2017","2/5/2017","513","689","28","5","5","5","5","4.5","5","5","2 guests","1 room","1 bed","1 shared bath",1,1,0,1,0,1,0,1,0,1,1,0,1,0,0,0,0,1,1,0,0,1,1,1,1,1,0,0
"193","/rooms/2845252?location=London%2C%20United%20Kingdom&check_in=2017-05-01&check_out=2017-05-02","Double room in East London","London--United-Kingdom","1/5/2017","2/5/2017","264","296","29","5","4.5","5","5","4.5","5","4.5","2 guests","1 room","1 bed","1 bath",0,0,0,0,0,0,0,1,0,1,0,0,1,0,0,0,0,1,0,0,0,0,0,1,1,1,0,0
"194","/rooms/17846470?location=London%2C%20United%20Kingdom&check_in=2017-05-01&check_out=2017-05-02","London/L - Cheap Private Room","London--United-Kingdom","1/5/2017","2/5/2017","305","513","4","5","5","5","5","4.5","5","5","2 guests","1 room","1 bed","1 bath",0,0,0,0,0,0,0,1,0,1,0,0,1,0,0,0,0,1,0,0,0,1,1,0,1,1,1,0
"195","/rooms/5335503?location=London%2C%20United%20Kingdom&check_in=2017-05-01&check_out=2017-05-02","Piper Suite - London - (GLS3)","London--United-Kingdom","1/5/2017","2/5/2017","1018","1667","77","4","4","4.5","4","4.5","4.5","4","4 guests","1 room","2 beds","1 bath",0,0,0,0,0,1,0,0,0,1,1,0,1,0,0,0,0,1,1,0,0,1,1,1,1,0,1,0
"196","/rooms/16567689?location=London%2C%20United%20Kingdom&check_in=2017-05-01&check_out=2017-05-02","Perfect Master Bedroom in London","London--United-Kingdom","1/5/2017","2/5/2017","264","384","13","4.5","4.5","5","4.5","4.5","5","5","2 guests","1 room","1 bed","2 shared baths",0,0,0,0,0,1,1,1,0,1,0,0,1,0,0,0,0,1,1,0,0,1,1,1,1,1,1,0
"197","/rooms/8778117?location=London%2C%20United%20Kingdom&check_in=2017-05-01&check_out=2017-05-02","Only 15min to Central London","London--United-Kingdom","1/5/2017","2/5/2017","465","521","114","4.5","4.5","4.5","4.5","4.5","5","4.5","1 guest","1 room","1 bed","1 bath",1,0,0,0,0,1,0,1,1,1,0,1,1,0,1,0,0,1,1,0,0,1,1,1,1,1,0,0
"198","/rooms/5335503?location=London%2C%20United%20Kingdom&check_in=2017-05-01&check_out=2017-05-02","Piper Suite - London - (GLS3)","London--United-Kingdom","1/5/2017","2/5/2017","1018","1667","77","4","4","4.5","4","4.5","4.5","4","4 guests","1 room","2 beds","1 bath",0,0,0,0,0,1,0,0,0,1,1,0,1,0,0,0,0,1,1,0,0,1,1,1,1,0,1,0
"199","/rooms/1075593?location=London%2C%20United%20Kingdom&check_in=2017-05-01&check_out=2017-05-02","Double Room near Camden Market!","London--United-Kingdom","1/5/2017","2/5/2017","617","689","157","4.5","4.5","5","5","4.5","5","4.5","2 guests","1 room","1 bed","1 shared bath",0,0,0,0,0,1,0,1,0,1,1,0,1,0,0,0,0,1,0,0,0,1,1,1,0,1,0,0
"200","/rooms/17692682?location=London%2C%20United%20Kingdom&check_in=2017-05-01&check_out=2017-05-02","Your Studio in London","London--United-Kingdom","1/5/2017","2/5/2017","729","817","2",NA,NA,NA,NA,NA,NA,NA,"3 guests","studio","1 bed","1 bath",0,0,0,0,0,1,0,0,0,1,1,0,1,0,0,0,0,0,1,0,0,1,1,1,1,1,1,0
"201","/rooms/10371620?location=London%2C%20United%20Kingdom&check_in=2017-05-01&check_out=2017-05-02","Nice single room close to Excel,Stratfod","London--United-Kingdom","1/5/2017","2/5/2017","176","200","51","4","4","4.5","3.5","4","4.5","4","1 guest","1 room","1 bed","2 baths",1,0,0,1,0,1,0,1,0,1,0,0,1,0,0,0,0,1,0,0,0,1,1,1,1,0,0,0
"202","/rooms/14246751?location=London%2C%20United%20Kingdom&check_in=2017-05-01&check_out=2017-05-02","Comfy King Size Room - Zone 1 - Old St, Shoreditch","London--United-Kingdom","1/5/2017","2/5/2017","521","753","69","5","5","5","5","5","5","5","2 guests","1 room","1 bed","1 bath",0,0,0,0,0,1,0,0,1,1,0,0,1,0,1,0,0,1,1,0,0,1,1,1,1,1,1,0
"203","/rooms/16361542?location=London%2C%20United%20Kingdom&check_in=2017-05-01&check_out=2017-05-02","LONDON CITY CENTRE MODERN APARTMENT","London--United-Kingdom","1/5/2017","2/5/2017","465","521","19","4.5","4.5","5","5","4.5","5","4.5","3 guests","1 room","1 bed","1 shared bath",0,0,1,0,0,1,0,0,1,1,1,0,1,0,1,0,0,1,1,0,0,1,1,1,1,0,1,0
"204","/rooms/4573499?location=London%2C%20United%20Kingdom&check_in=2017-05-01&check_out=2017-05-02","Bright Double Rooms In Portobello Road (D)","London--United-Kingdom","1/5/2017","2/5/2017","369","649","29","4.5","4.5","4.5","4","4.5","4.5","4.5","2 guests","1 room","1 bed","1.5 shared baths",0,0,0,0,0,1,0,1,0,1,0,0,1,0,1,0,0,1,1,0,0,1,0,1,1,1,0,0
"205","/rooms/14988664?location=London%2C%20United%20Kingdom&check_in=2017-05-01&check_out=2017-05-02","NYC-Style Loft with Duplex Apartments - Studio 1","London--United-Kingdom","1/5/2017","2/5/2017","930","1042","14","5","5","5","5","4.5","5","5","4 guests","1 room","2 beds","2 baths",0,0,0,0,0,1,1,0,0,1,1,0,1,0,0,0,0,1,1,0,0,1,1,1,1,1,0,0
"206","/rooms/17968487?location=London%2C%20United%20Kingdom&check_in=2017-05-01&check_out=2017-05-02","A great room in central London","London--United-Kingdom","1/5/2017","2/5/2017","617","689","2",NA,NA,NA,NA,NA,NA,NA,"2 guests","1 room","1 bed","1 bath",0,0,0,0,0,1,0,1,1,1,1,0,1,0,0,0,0,1,1,0,0,1,1,0,0,0,0,0
"207","/rooms/17429233?location=London%2C%20United%20Kingdom&check_in=2017-05-01&check_out=2017-05-02","Nice shared property in the heart of London Room 1","London--United-Kingdom","1/5/2017","2/5/2017","104","408","12","5","5","5","5","4.5","5","4.5","2 guests","1 room","1 bed","1 shared bath",0,0,0,1,0,1,1,0,0,1,0,0,1,0,0,0,0,1,1,0,0,1,1,1,1,1,0,0
"208","/rooms/15900608?location=London%2C%20United%20Kingdom&check_in=2017-05-01&check_out=2017-05-02","Stunning Studio in the Heart of London","London--United-Kingdom","1/5/2017","2/5/2017","978","1098","10","4.5","4.5","4.5","4.5","4.5","4.5","4.5","2 guests","studio","1 bed","1 bath",0,0,0,1,0,0,0,1,0,1,1,0,1,0,0,0,0,1,1,0,0,1,0,1,1,1,0,0
"209","/rooms/14993662?location=London%2C%20United%20Kingdom&check_in=2017-05-01&check_out=2017-05-02","SUPERB DOUBLEROOM IN HEART OF CITY (S4)","London--United-Kingdom","1/5/2017","2/5/2017","513","689","38","4.5","4.5","5","4.5","4.5","5","4.5","2 guests","1 room","1 bed","1 bath",0,0,0,0,0,1,0,1,1,1,1,0,1,0,0,0,0,1,1,0,0,1,1,0,1,1,0,0
"210","/rooms/11753303?location=London%2C%20United%20Kingdom&check_in=2017-05-01&check_out=2017-05-02","Franciscan 272 B&b En-suite Double Room. R8","London--United-Kingdom","1/5/2017","2/5/2017","529","593","14","4","4.5","4.5","4","4.5","4","4.5","2 guests","1 room","1 bed","1 bath",0,0,0,0,0,1,1,1,0,1,1,0,1,0,0,0,0,1,0,0,0,1,1,0,1,1,1,0
"211","/rooms/17664228?location=London%2C%20United%20Kingdom&check_in=2017-05-01&check_out=2017-05-02","One Bedroom Flat near Central London","London--United-Kingdom","1/5/2017","2/5/2017","721","929","4","4.5","4.5","4.5","4.5","4.5","4.5","5","6 guests","1 room","3 beds","1 bath",0,0,0,0,0,1,0,0,0,1,1,0,1,0,0,0,0,1,1,0,0,1,1,1,1,1,1,0
"212","/rooms/4787496?location=London%2C%20United%20Kingdom&check_in=2017-05-01&check_out=2017-05-02","Excellent Location - Central London","London--United-Kingdom","1/5/2017","2/5/2017","457","633","154","4","4.5","4","4.5","4.5","4.5","4.5","2 guests","1 room","1 bed","1 bath",1,0,0,0,0,0,0,1,0,1,0,0,1,0,1,0,0,1,0,0,0,0,0,1,1,0,1,0
"213","/rooms/14347471?location=London%2C%20United%20Kingdom&check_in=2017-05-01&check_out=2017-05-02","English Cottage in London - women only","London--United-Kingdom","1/5/2017","2/5/2017","313","489","19","5","5","5","5","4.5","5","5","1 guest","1 room","1 bed","1.5 shared baths",0,0,0,0,0,1,1,1,0,0,0,0,1,0,0,0,0,1,1,0,0,1,1,0,1,1,0,0
"214","/rooms/17853743?location=London%2C%20United%20Kingdom&check_in=2017-05-01&check_out=2017-05-02","GREAT TRIPLE ROOM IN CAMDEN (B2)","London--United-Kingdom","1/5/2017","2/5/2017","345","465","4","4.5","5","5","4.5","5","5","5","3 guests","1 room","2 beds","1 bath",0,0,0,0,0,1,0,0,0,1,1,0,1,0,1,0,0,1,1,0,0,1,1,1,1,1,0,0
"215","/rooms/8880659?location=London%2C%20United%20Kingdom&check_in=2017-05-01&check_out=2017-05-02","Double Room Aldgate ZONE 1 (R1HS)","London--United-Kingdom","1/5/2017","2/5/2017","256","408","38","4","4","4.5","4","3.5","4.5","4","2 guests","1 room","1 bed","1 shared bath",0,0,0,0,0,1,0,0,0,1,0,0,1,0,1,0,0,1,0,0,0,0,0,1,1,0,0,0
"216","/rooms/18179367?location=London%2C%20United%20Kingdom&check_in=2017-05-01&check_out=2017-05-02","Super central. Super cute.","London--United-Kingdom","1/5/2017","2/5/2017",NA,"873","1",NA,NA,NA,NA,NA,NA,NA,"2 guests","1 room","1 bed","1 shared bath",0,0,0,0,0,0,0,0,0,1,0,0,1,0,0,0,0,1,1,0,0,0,0,0,1,0,0,0
"217","/rooms/10664781?location=London%2C%20United%20Kingdom&check_in=2017-05-01&check_out=2017-05-02","Double Room close to Central London","London--United-Kingdom","1/5/2017","2/5/2017","224","248","14","4.5","5","5","4.5","4.5","5","5","2 guests","1 room","1 bed","1 bath",0,0,0,0,0,1,0,1,0,1,1,0,1,0,1,0,0,1,1,0,0,1,1,1,0,0,1,0
"218","/rooms/12318661?location=London%2C%20United%20Kingdom&check_in=2017-05-01&check_out=2017-05-02","Double room in stylish lakeside apt","London--United-Kingdom","1/5/2017","2/5/2017","777","873","96","5","5","5","5","5","5","5","2 guests","1 room","1 bed","1 private bath",0,0,0,1,0,1,1,1,1,1,0,1,1,0,1,1,0,1,1,0,0,1,1,1,1,1,1,0
"219","/rooms/18420849?location=London%2C%20United%20Kingdom&check_in=2017-05-01&check_out=2017-05-02","Single room in West Kensington, central London","London--United-Kingdom","1/5/2017","2/5/2017","721","809",NA,NA,NA,NA,NA,NA,NA,NA,"1 guest","1 room","1 bed","1 shared bath",0,0,0,0,0,1,0,0,0,1,1,0,1,0,0,0,0,0,1,0,0,0,0,0,1,0,1,0
"220","/rooms/18020627?location=London%2C%20United%20Kingdom&check_in=2017-05-01&check_out=2017-05-02","Ekko London Studio in Location, Location, Location","London--United-Kingdom","1/5/2017","2/5/2017","874","978","4","5","5","5","5","4.5","5","4.5","2 guests","studio","1 bed","1 bath",0,0,0,0,0,1,1,0,0,1,1,0,1,0,0,0,0,1,1,0,0,1,1,1,1,1,1,0
"221","/rooms/1477959?location=London%2C%20United%20Kingdom&check_in=2017-05-01&check_out=2017-05-02","Art Deco Zone 1 Db w/view of US Embassy & Balcony","London--United-Kingdom","1/5/2017","2/5/2017","313","754","124","4.5","4.5","4.5","4.5","4.5","4.5","4.5","3 guests","1 room","2 beds","1.5 baths",1,0,0,1,0,1,1,1,0,1,1,0,1,0,1,1,0,1,1,0,0,1,1,1,1,1,1,1
"222","/rooms/17957568?location=London%2C%20United%20Kingdom&check_in=2017-05-01&check_out=2017-05-02","Private Double Room in Modern Luxury Apartment","London--United-Kingdom","1/5/2017","2/5/2017","593","857","2",NA,NA,NA,NA,NA,NA,NA,"2 guests","1 room","1 bed","1 bath",0,0,0,0,0,1,0,1,1,0,0,0,1,0,0,0,0,1,1,0,0,1,1,0,1,1,0,0
"223","/rooms/15643989?location=London%2C%20United%20Kingdom&check_in=2017-05-01&check_out=2017-05-02","Newly refubrished cozy secure box room ,Plaistow.","London--United-Kingdom","1/5/2017","2/5/2017","208","280","17","4","4.5","4.5","3.5","4","4.5","4.5","1 guest","1 room","1 bed","1.5 baths",1,0,0,1,0,0,0,0,0,1,1,0,1,0,0,0,1,1,0,0,0,0,0,1,1,0,0,1
"224","/rooms/14069119?location=London%2C%20United%20Kingdom&check_in=2017-05-01&check_out=2017-05-02","Nice modern bedroom in house near Tube station","London--United-Kingdom","1/5/2017","2/5/2017","345","433","15","5","5","5","5","4.5","5","5","1 guest","1 room","1 bed","1 shared bath",1,0,0,1,0,1,1,0,0,1,1,0,1,0,1,0,1,1,1,0,0,1,1,1,1,1,0,0
"225","/rooms/17114943?location=London%2C%20United%20Kingdom&check_in=2017-05-01&check_out=2017-05-02","2nd floor Cosy Flat in Central London","London--United-Kingdom","1/5/2017","2/5/2017","721","1162","5","5","5","5","5","5","5","5","2 guests","studio","1 bed","1 bath",0,0,0,0,0,0,0,0,0,1,0,0,1,0,0,0,0,1,1,0,0,1,1,0,1,1,1,0
"226","/rooms/18392484?location=London%2C%20United%20Kingdom&check_in=2017-05-01&check_out=2017-05-02","2 bedroom flat 1 min to Oval Tube","London--United-Kingdom","1/5/2017","2/5/2017","1034","1162",NA,NA,NA,NA,NA,NA,NA,NA,"4 guests","1 room","2 beds","1 bath",0,0,0,0,0,0,0,0,0,0,0,0,0,0,0,0,0,0,0,0,0,0,0,0,0,0,0,0
"227","/rooms/11529766?location=London%2C%20United%20Kingdom&check_in=2017-05-01&check_out=2017-05-02","Single bedroom in a family home","London--United-Kingdom","1/5/2017","2/5/2017","176","200","49","4.5","4.5","5","4.5","4.5","5","4.5","1 guest","1 room","1 bed","1 bath",0,0,0,0,0,0,0,0,0,1,0,0,1,0,0,0,0,1,0,0,0,0,0,0,1,0,0,0
"228","/rooms/13767485?location=London%2C%20United%20Kingdom&check_in=2017-05-01&check_out=2017-05-02","Central London Double Bedroom","London--United-Kingdom","1/5/2017","2/5/2017","513","689","28","5","5","5","5","4.5","5","5","2 guests","1 room","1 bed","1 shared bath",1,1,0,1,0,1,0,1,0,1,1,0,1,0,0,0,0,1,1,0,0,1,1,1,1,1,0,0
"229","/rooms/17018125?location=London%2C%20United%20Kingdom&check_in=2017-05-01&check_out=2017-05-02","Room on courtyard where Shoreditch meets the City","London--United-Kingdom","1/5/2017","2/5/2017","561","633","29","5","5","5","5","5","5","5","2 guests","1 room","1 bed","1 shared bath",0,0,0,0,0,1,1,1,1,1,0,0,1,0,1,0,0,1,1,0,0,1,1,1,1,1,0,0
"230","/rooms/17846470?location=London%2C%20United%20Kingdom&check_in=2017-05-01&check_out=2017-05-02","London/L - Cheap Private Room","London--United-Kingdom","1/5/2017","2/5/2017","305","513","4","5","5","5","5","4.5","5","5","2 guests","1 room","1 bed","1 bath",0,0,0,0,0,0,0,1,0,1,0,0,1,0,0,0,0,1,0,0,0,1,1,0,1,1,1,0
"231","/rooms/18441144?location=London%2C%20United%20Kingdom&check_in=2017-05-01&check_out=2017-05-02","Lovely room next to Shoreditch","London--United-Kingdom","1/5/2017","2/5/2017","617","689",NA,NA,NA,NA,NA,NA,NA,NA,"2 guests","1 room","1 bed","1 shared bath",0,0,0,0,0,1,0,0,0,1,0,0,1,0,0,0,0,1,0,0,0,1,0,1,1,1,1,0
"232","/rooms/16567689?location=London%2C%20United%20Kingdom&check_in=2017-05-01&check_out=2017-05-02","Perfect Master Bedroom in London","London--United-Kingdom","1/5/2017","2/5/2017","264","384","13","4.5","4.5","5","4.5","4.5","5","5","2 guests","1 room","1 bed","2 shared baths",0,0,0,0,0,1,1,1,0,1,0,0,1,0,0,0,0,1,1,0,0,1,1,1,1,1,1,0
"233","/rooms/15789882?location=London%2C%20United%20Kingdom&check_in=2017-05-01&check_out=2017-05-02","D Cosy Comfy Bedroom Close to tourist attractions.","London--United-Kingdom","1/5/2017","2/5/2017","417","601","23","4","4","4","4","4.5","4.5","4","2 guests","1 room","1 bed","2 baths",0,0,0,0,0,0,0,1,0,1,0,0,1,0,0,0,0,1,1,0,0,1,1,0,0,1,0,0
"234","/rooms/5335503?location=London%2C%20United%20Kingdom&check_in=2017-05-01&check_out=2017-05-02","Piper Suite - London - (GLS3)","London--United-Kingdom","1/5/2017","2/5/2017","1018","1667","77","4","4","4.5","4","4.5","4.5","4","4 guests","1 room","2 beds","1 bath",0,0,0,0,0,1,0,0,0,1,1,0,1,0,0,0,0,1,1,0,0,1,1,1,1,0,1,0
"235","/rooms/10303258?location=London%2C%20United%20Kingdom&check_in=2017-05-01&check_out=2017-05-02","Cosy room in central London","London--United-Kingdom","1/5/2017","2/5/2017","505","681","27","5","5","5","5","4.5","5","4.5","1 guest","1 room","1 bed","1 bath",0,0,0,0,0,1,0,1,1,1,0,1,1,0,0,1,1,1,1,0,0,0,1,1,1,1,1,0
"236","/rooms/17692682?location=London%2C%20United%20Kingdom&check_in=2017-05-01&check_out=2017-05-02","Your Studio in London","London--United-Kingdom","1/5/2017","2/5/2017","729","817","2",NA,NA,NA,NA,NA,NA,NA,"3 guests","studio","1 bed","1 bath",0,0,0,0,0,1,0,0,0,1,1,0,1,0,0,0,0,0,1,0,0,1,1,1,1,1,1,0
"237","/rooms/18438923?location=London%2C%20United%20Kingdom&check_in=2017-05-01&check_out=2017-05-02","Barnfield Room 2","London--United-Kingdom","1/5/2017","2/5/2017","569","641",NA,NA,NA,NA,NA,NA,NA,NA,"2 guests","1 room","1 bed","1 shared bath",0,0,0,1,0,0,0,0,0,0,1,0,1,1,0,0,0,0,0,0,0,0,0,1,0,0,0,0
"238","/rooms/14246751?location=London%2C%20United%20Kingdom&check_in=2017-05-01&check_out=2017-05-02","Comfy King Size Room - Zone 1 - Old St, Shoreditch","London--United-Kingdom","1/5/2017","2/5/2017","521","753","69","5","5","5","5","5","5","5","2 guests","1 room","1 bed","1 bath",0,0,0,0,0,1,0,0,1,1,0,0,1,0,1,0,0,1,1,0,0,1,1,1,1,1,1,0
"239","/rooms/15530914?location=London%2C%20United%20Kingdom&check_in=2017-05-01&check_out=2017-05-02","Cosy room in the Heart of Camden","London--United-Kingdom","1/5/2017","2/5/2017","393","441","51","4","4.5","4.5","4","4.5","4.5","4.5","2 guests","1 room","1 bed","1 bath",0,0,0,0,0,0,0,0,0,1,1,0,1,0,0,0,0,1,0,0,0,0,0,1,0,0,0,0
"240","/rooms/4573499?location=London%2C%20United%20Kingdom&check_in=2017-05-01&check_out=2017-05-02","Bright Double Rooms In Portobello Road (D)","London--United-Kingdom","1/5/2017","2/5/2017","369","649","29","4.5","4.5","4.5","4","4.5","4.5","4.5","2 guests","1 room","1 bed","1.5 shared baths",0,0,0,0,0,1,0,1,0,1,0,0,1,0,1,0,0,1,1,0,0,1,0,1,1,1,0,0
"241","/rooms/17864650?location=London%2C%20United%20Kingdom&check_in=2017-05-01&check_out=2017-05-02","Central London Large Studio/ Soho","London--United-Kingdom","1/5/2017","2/5/2017","1443","1972","6","5","5","4","4.5","5","4.5","4.5","3 guests","studio","1 bed","1 bath",0,0,0,0,0,1,0,0,1,1,1,0,1,0,1,1,0,1,1,0,0,1,1,1,1,1,1,1
"242","/rooms/17968487?location=London%2C%20United%20Kingdom&check_in=2017-05-01&check_out=2017-05-02","A great room in central London","London--United-Kingdom","1/5/2017","2/5/2017","617","689","2",NA,NA,NA,NA,NA,NA,NA,"2 guests","1 room","1 bed","1 bath",0,0,0,0,0,1,0,1,1,1,1,0,1,0,0,0,0,1,1,0,0,1,1,0,0,0,0,0
"243","/rooms/15333927?location=London%2C%20United%20Kingdom&check_in=2017-05-01&check_out=2017-05-02","Single bedroom with own bathroom in Wapping","London--United-Kingdom","1/5/2017","2/5/2017","417","465","10","4.5","5","5","5","5","5","4.5","1 guest","1 room","1 bed","1 bath",0,0,0,0,0,1,1,1,1,0,0,0,1,0,0,0,0,1,0,0,0,1,0,0,1,1,0,0
"244","/rooms/15900608?location=London%2C%20United%20Kingdom&check_in=2017-05-01&check_out=2017-05-02","Stunning Studio in the Heart of London","London--United-Kingdom","1/5/2017","2/5/2017","978","1098","10","4.5","4.5","4.5","4.5","4.5","4.5","4.5","2 guests","studio","1 bed","1 bath",0,0,0,1,0,0,0,1,0,1,1,0,1,0,0,0,0,1,1,0,0,1,0,1,1,1,0,0
"245","/rooms/17978749?location=London%2C%20United%20Kingdom&check_in=2017-05-01&check_out=2017-05-02","Private Room in big house - Central London","London--United-Kingdom","1/5/2017","2/5/2017","409","810","3","5","5","5","4.5","5","5","5","2 guests","1 room","1 bed","1.5 baths",0,0,0,0,0,0,1,0,0,1,1,0,1,0,1,0,0,1,0,0,0,0,0,1,1,1,1,0
"246","/rooms/11753303?location=London%2C%20United%20Kingdom&check_in=2017-05-01&check_out=2017-05-02","Franciscan 272 B&b En-suite Double Room. R8","London--United-Kingdom","1/5/2017","2/5/2017","529","593","14","4","4.5","4.5","4","4.5","4","4.5","2 guests","1 room","1 bed","1 bath",0,0,0,0,0,1,1,1,0,1,1,0,1,0,0,0,0,1,0,0,0,1,1,0,1,1,1,0
"247","/rooms/18417766?location=London%2C%20United%20Kingdom&check_in=2017-05-01&check_out=2017-05-02","London Studio Room","London--United-Kingdom","1/5/2017","2/5/2017","465","521",NA,NA,NA,NA,NA,NA,NA,NA,"2 guests","1 room","1 bed","1 bath",0,0,0,0,0,1,0,1,0,1,0,0,1,0,0,0,0,1,1,0,0,1,1,0,1,1,1,0
"248","/rooms/4787496?location=London%2C%20United%20Kingdom&check_in=2017-05-01&check_out=2017-05-02","Excellent Location - Central London","London--United-Kingdom","1/5/2017","2/5/2017","457","633","154","4","4.5","4","4.5","4.5","4.5","4.5","2 guests","1 room","1 bed","1 bath",1,0,0,0,0,0,0,1,0,1,0,0,1,0,1,0,0,1,0,0,0,0,0,1,1,0,1,0
"249","/rooms/18383791?location=London%2C%20United%20Kingdom&check_in=2017-05-01&check_out=2017-05-02","Beautiful 1 Bed in Highgate Woods","London--United-Kingdom","1/5/2017","2/5/2017","465","601",NA,NA,NA,NA,NA,NA,NA,NA,"1 guest","1 room","1 bed","1 bath",1,0,0,0,0,1,0,1,0,1,0,0,1,0,0,0,0,1,0,0,0,0,1,1,1,1,0,0
"250","/rooms/17853743?location=London%2C%20United%20Kingdom&check_in=2017-05-01&check_out=2017-05-02","GREAT TRIPLE ROOM IN CAMDEN (B2)","London--United-Kingdom","1/5/2017","2/5/2017","345","465","4","4.5","5","5","4.5","5","5","5","3 guests","1 room","2 beds","1 bath",0,0,0,0,0,1,0,0,0,1,1,0,1,0,1,0,0,1,1,0,0,1,1,1,1,1,0,0
"251","/rooms/5758788?location=London%2C%20United%20Kingdom&check_in=2017-05-01&check_out=2017-05-02","Trafalgar Square/Covent Garden/Soho","London--United-Kingdom","1/5/2017","2/5/2017","641","953","110","4.5","4.5","4.5","4.5","5","4.5","4.5","4 guests","1 room","2 beds","1 bath",0,1,0,0,0,1,0,1,0,1,1,0,1,0,1,0,0,1,1,0,0,1,1,1,1,1,0,0
"252","/rooms/18179367?location=London%2C%20United%20Kingdom&check_in=2017-05-01&check_out=2017-05-02","Super central. Super cute.","London--United-Kingdom","1/5/2017","2/5/2017","777","873","1",NA,NA,NA,NA,NA,NA,NA,"2 guests","1 room","1 bed","1 shared bath",0,0,0,0,0,0,0,0,0,1,0,0,1,0,0,0,0,1,1,0,0,0,0,0,1,0,0,0
